# Blender 5.2.1 LTS
# www.blender.org
mtllib computer01.mtl
o Cube
v 1.031165 -0.035004 -0.894932
v 1.031165 -0.054699 0.186905
v -1.050289 -0.035004 -0.894932
v -1.050289 -0.054699 0.186905
v -0.317577 0.037372 -0.489935
v -0.317577 2.090826 -0.489935
v -0.317577 0.037372 -0.653194
v -0.317577 2.090826 -0.653194
v 0.288180 0.037372 -0.489935
v 0.288180 2.090826 -0.489935
v 0.288180 0.037372 -0.653194
v 0.288180 2.090826 -0.653194
v -1.864534 0.777118 -0.175367
v -1.864534 3.003513 -0.175367
v -0.874962 0.890316 -0.388422
v -0.875867 2.890316 -0.388422
v 1.879626 0.777118 -0.175367
v 1.879626 3.003513 -0.175367
v 0.807605 0.890316 -0.388422
v 0.807605 2.890316 -0.388422
v -0.292121 2.103220 -0.472264
v -0.292121 2.103220 -0.529380
v 0.248695 2.103220 -0.472264
v 0.248695 2.103220 -0.529380
v -0.292121 1.927990 -0.472264
v -0.292121 1.927990 -0.529380
v 0.248695 1.927990 -0.472264
v 0.248695 1.927990 -0.529380
v 0.406307 2.154288 -0.422720
v 0.406307 1.876922 -0.422720
v 0.248695 1.927990 -0.479836
v 0.248695 2.103220 -0.479836
v -0.449732 2.154287 -0.422720
v -0.292121 2.103220 -0.479836
v -0.449732 1.876922 -0.422720
v -0.292121 1.927990 -0.479836
v -1.864534 0.777118 -0.133654
v -1.864534 3.003513 -0.133654
v 1.879626 3.003513 -0.133654
v 1.879626 0.777118 -0.133654
v 1.877506 0.896278 -0.095363
v 1.877506 0.779255 -0.095363
v 1.877506 0.896278 -0.133654
v -1.864269 0.779255 -0.095362
v 1.877506 0.779255 -0.133654
v -1.864269 0.779255 -0.133654
v -1.864269 0.896278 -0.133654
v -1.864269 0.896278 -0.095362
v 0.480037 0.053290 -0.783076
v 0.548744 0.047492 -0.790421
v 0.769627 0.053290 0.042208
v 0.853973 0.034213 0.094809
v -0.567868 0.047492 -0.790421
v -0.499161 0.053290 -0.783076
v -0.788751 0.053290 0.042208
v -0.873097 0.034213 0.094809
vn -0.0000 -0.9998 -0.0182
vn -1.0000 -0.0000 -0.0000
vn -0.0000 -0.0000 -1.0000
vn 1.0000 -0.0000 -0.0000
vn -0.0000 -0.0000 1.0000
vn -0.0000 -1.0000 -0.0000
vn -0.0000 1.0000 -0.0000
vn -0.2106 -0.0000 -0.9776
vn 0.1949 -0.0000 -0.9808
vn -0.0000 -0.8831 -0.4692
vn -0.0000 0.8831 -0.4692
vn -0.3407 -0.0000 -0.9402
vn -0.0000 -0.7455 -0.6665
vn 0.3407 -0.0000 -0.9402
vn -0.0000 0.7455 -0.6665
vn -0.0000 0.9401 0.3410
vn 0.1756 0.9830 -0.0534
vn -0.1756 0.9830 -0.0534
vn -0.0000 0.7849 -0.6196
vn 0.2510 0.9677 -0.0227
vn -0.0000 0.7194 0.6946
vn -0.2510 0.9677 -0.0227
vt 0.125000 0.500000
vt 0.420595 0.500000
vt 0.375000 0.704405
vt 0.125000 0.704405
vt 0.375000 0.000000
vt 0.625000 0.000000
vt 0.625000 0.250000
vt 0.375000 0.250000
vt 0.625000 0.500000
vt 0.375000 0.500000
vt 0.625000 0.750000
vt 0.375000 0.750000
vt 0.625000 1.000000
vt 0.375000 1.000000
vt 0.125000 0.750000
vt 0.875000 0.500000
vt 0.875000 0.750000
vt 0.629154 0.701433
vt 0.625000 0.991706
vt 0.580835 1.000000
vt 0.580835 0.704405
vt 0.651563 0.475698
vt 0.632879 0.478700
vt 0.625000 0.058330
vt 0.625378 0.298608
vt 0.611578 0.292601
vt 0.580835 0.045595
vt 0.420595 0.250000
vt 0.823379 0.499243
vt 0.867896 0.696494
vt 0.375000 0.045595
s 0
usemtl Material
f 3/1/1 1/2/1 2/3/1 4/4/1
f 5/5/2 6/6/2 8/7/2 7/8/2
f 7/8/3 8/7/3 12/9/3 11/10/3
f 11/10/4 12/9/4 10/11/4 9/12/4
f 9/12/5 10/11/5 6/13/5 5/14/5
f 7/1/6 11/10/6 9/12/6 5/15/6
f 12/9/7 8/16/7 6/17/7 10/11/7
f 13/5/8 14/6/8 16/7/8 15/8/8
f 15/8/3 16/7/3 20/9/3 19/10/3
f 19/10/9 20/9/9 18/11/9 17/12/9
f 14/6/2 13/5/2 37/5/2 38/6/2
f 15/1/10 19/10/10 17/12/10 13/15/10
f 20/9/11 16/16/11 14/17/11 18/11/11
f 13/15/6 17/12/6 40/12/6 37/15/6
f 18/11/7 14/17/7 38/17/7 39/11/7
f 17/12/4 18/11/4 39/11/4 40/12/4
f 45/5/6 42/6/6 44/7/6 46/8/6
f 46/8/2 44/7/2 48/9/2 47/10/2
f 47/10/7 48/9/7 41/11/7 43/12/7
f 43/12/4 41/11/4 42/13/4 45/14/4
f 46/1/3 47/10/3 43/12/3 45/15/3
f 48/9/5 44/16/5 42/17/5 41/11/5
usemtl Material.003
f 40/12/5 39/11/5 38/13/5 37/14/5
usemtl Material.004
f 51/18/16 55/19/16 56/20/16 52/21/16
f 49/22/17 51/18/17 52/21/17 50/23/17
f 55/24/18 54/25/18 53/26/18 56/27/18
usemtl Material.005
f 3/28/19 53/26/19 54/25/19 49/22/19 50/23/19 1/2/19
f 1/2/20 50/23/20 52/21/20 2/3/20
f 49/22/7 54/29/7 55/30/7 51/18/7
f 2/3/21 52/21/21 56/20/21 4/14/21
f 4/31/22 56/27/22 53/26/22 3/28/22
usemtl Material.006
f 26/5/5 28/8/5 24/7/5 22/6/5
f 26/8/4 22/10/4 21/9/4 25/7/4
f 28/10/7 26/12/7 25/11/7 27/9/7
f 24/12/2 28/14/2 27/13/2 23/11/2
f 21/1/3 23/15/3 27/12/3 25/10/3
f 22/9/6 24/11/6 23/17/6 21/16/6
f 36/5/3 34/6/3 32/7/3 31/8/3
f 36/8/12 35/7/12 33/9/12 34/10/12
f 31/10/13 30/9/13 35/11/13 36/12/13
f 32/12/14 29/11/14 30/13/14 31/14/14
f 33/1/5 35/10/5 30/12/5 29/15/5
f 34/9/15 33/16/15 29/17/15 32/11/15
o Cube.001
v -1.289024 0.060765 1.871340
v -1.289024 -0.060765 1.871340
v -1.289024 0.060765 1.058006
v -1.289024 -0.060765 1.058006
v 1.289024 0.060765 1.871340
v 1.289024 -0.060765 1.871340
v 1.289024 0.060765 1.058006
v 1.289024 -0.060765 1.058006
v 1.189868 0.060765 1.058006
v 1.090712 0.060765 1.058006
v 0.991557 0.060765 1.058006
v 0.892401 0.060765 1.058006
v 0.793245 0.060765 1.058006
v 0.694090 0.060765 1.058006
v 0.594934 0.060765 1.058006
v 0.495778 0.060765 1.058006
v 0.396623 0.060765 1.058006
v 0.297467 0.060765 1.058006
v 0.198311 0.060765 1.058006
v 0.099156 0.060765 1.058006
v 0.000000 0.060765 1.058006
v -0.099156 0.060765 1.058006
v -0.198311 0.060765 1.058006
v -0.297467 0.060765 1.058006
v -0.396623 0.060765 1.058006
v -0.495778 0.060765 1.058006
v -0.594934 0.060765 1.058006
v -0.694090 0.060765 1.058006
v -0.793245 0.060765 1.058006
v -0.892401 0.060765 1.058006
v -0.991556 0.060765 1.058006
v -1.090712 0.060765 1.058006
v -1.189868 0.060765 1.058006
v -1.189868 -0.060765 1.058006
v -1.090712 -0.060765 1.058006
v -0.991557 -0.060765 1.058006
v -0.892401 -0.060765 1.058006
v -0.793245 -0.060765 1.058006
v -0.694090 -0.060765 1.058006
v -0.594934 -0.060765 1.058006
v -0.495778 -0.060765 1.058006
v -0.396623 -0.060765 1.058006
v -0.297467 -0.060765 1.058006
v -0.198311 -0.060765 1.058006
v -0.099156 -0.060765 1.058006
v -0.000000 -0.060765 1.058006
v 0.099156 -0.060765 1.058006
v 0.198311 -0.060765 1.058006
v 0.297467 -0.060765 1.058006
v 0.396623 -0.060765 1.058006
v 0.495778 -0.060765 1.058006
v 0.594934 -0.060765 1.058006
v 0.694090 -0.060765 1.058006
v 0.793245 -0.060765 1.058006
v 0.892401 -0.060765 1.058006
v 0.991556 -0.060765 1.058006
v 1.090712 -0.060765 1.058006
v 1.189868 -0.060765 1.058006
v -1.189868 0.060765 1.871340
v -1.090712 0.060765 1.871340
v -0.991557 0.060765 1.871340
v -0.892401 0.060765 1.871340
v -0.793245 0.060765 1.871340
v -0.694090 0.060765 1.871340
v -0.594934 0.060765 1.871340
v -0.495778 0.060765 1.871340
v -0.396623 0.060765 1.871340
v -0.297467 0.060765 1.871340
v -0.198311 0.060765 1.871340
v -0.099156 0.060765 1.871340
v -0.000000 0.060765 1.871340
v 0.099156 0.060765 1.871340
v 0.198311 0.060765 1.871340
v 0.297467 0.060765 1.871340
v 0.396623 0.060765 1.871340
v 0.495778 0.060765 1.871340
v 0.594934 0.060765 1.871340
v 0.694090 0.060765 1.871340
v 0.793245 0.060765 1.871340
v 0.892401 0.060765 1.871340
v 0.991556 0.060765 1.871340
v 1.090712 0.060765 1.871340
v 1.189868 0.060765 1.871340
v 1.189868 -0.060765 1.871340
v 1.090712 -0.060765 1.871340
v 0.991557 -0.060765 1.871340
v 0.892401 -0.060765 1.871340
v 0.793245 -0.060765 1.871340
v 0.694090 -0.060765 1.871340
v 0.594934 -0.060765 1.871340
v 0.495778 -0.060765 1.871340
v 0.396623 -0.060765 1.871340
v 0.297467 -0.060765 1.871340
v 0.198311 -0.060765 1.871340
v 0.099156 -0.060765 1.871340
v 0.000000 -0.060765 1.871340
v -0.099156 -0.060765 1.871340
v -0.198311 -0.060765 1.871340
v -0.297467 -0.060765 1.871340
v -0.396623 -0.060765 1.871340
v -0.495778 -0.060765 1.871340
v -0.594934 -0.060765 1.871340
v -0.694090 -0.060765 1.871340
v -0.793245 -0.060765 1.871340
v -0.892401 -0.060765 1.871340
v -0.991556 -0.060765 1.871340
v -1.090712 -0.060765 1.871340
v -1.189868 -0.060765 1.871340
v -1.289024 0.060765 1.089288
v -1.289024 0.060765 1.120570
v -1.289024 0.060765 1.151852
v -1.289024 0.060765 1.183134
v -1.289024 0.060765 1.214417
v -1.289024 0.060765 1.245699
v -1.289024 0.060765 1.276981
v -1.289024 0.060765 1.308263
v -1.289024 0.060765 1.339545
v -1.289024 0.060765 1.370827
v -1.289024 0.060765 1.402109
v -1.289024 0.060765 1.433391
v -1.289024 0.060765 1.464673
v -1.289024 0.060765 1.495955
v -1.289024 0.060765 1.527237
v -1.289024 0.060765 1.558519
v -1.289024 0.060765 1.589801
v -1.289024 0.060765 1.621083
v -1.289024 0.060765 1.652366
v -1.289024 0.060765 1.683648
v -1.289024 0.060765 1.714930
v -1.289024 0.060765 1.746212
v -1.289024 0.060765 1.777494
v -1.289024 0.060765 1.808776
v -1.289024 0.060765 1.840058
v -1.289024 -0.060765 1.840058
v -1.289024 -0.060765 1.808776
v -1.289024 -0.060765 1.777494
v -1.289024 -0.060765 1.746212
v -1.289024 -0.060765 1.714930
v -1.289024 -0.060765 1.683648
v -1.289024 -0.060765 1.652366
v -1.289024 -0.060765 1.621083
v -1.289024 -0.060765 1.589802
v -1.289024 -0.060765 1.558519
v -1.289024 -0.060765 1.527237
v -1.289024 -0.060765 1.495955
v -1.289024 -0.060765 1.464673
v -1.289024 -0.060765 1.433391
v -1.289024 -0.060765 1.402109
v -1.289024 -0.060765 1.370827
v -1.289024 -0.060765 1.339545
v -1.289024 -0.060765 1.308263
v -1.289024 -0.060765 1.276981
v -1.289024 -0.060765 1.245699
v -1.289024 -0.060765 1.214417
v -1.289024 -0.060765 1.183135
v -1.289024 -0.060765 1.151852
v -1.289024 -0.060765 1.120570
v -1.289024 -0.060765 1.089288
v 1.289024 0.060765 1.840058
v 1.289024 0.060765 1.808776
v 1.289024 0.060765 1.777494
v 1.289024 0.060765 1.746212
v 1.289024 0.060765 1.714930
v 1.289024 0.060765 1.683648
v 1.289024 0.060765 1.652366
v 1.289024 0.060765 1.621083
v 1.289024 0.060765 1.589802
v 1.289024 0.060765 1.558519
v 1.289024 0.060765 1.527237
v 1.289024 0.060765 1.495955
v 1.289024 0.060765 1.464673
v 1.289024 0.060765 1.433391
v 1.289024 0.060765 1.402109
v 1.289024 0.060765 1.370827
v 1.289024 0.060765 1.339545
v 1.289024 0.060765 1.308263
v 1.289024 0.060765 1.276981
v 1.289024 0.060765 1.245699
v 1.289024 0.060765 1.214417
v 1.289024 0.060765 1.183135
v 1.289024 0.060765 1.151852
v 1.289024 0.060765 1.120570
v 1.289024 0.060765 1.089288
v 1.289024 -0.060765 1.089288
v 1.289024 -0.060765 1.120570
v 1.289024 -0.060765 1.151852
v 1.289024 -0.060765 1.183134
v 1.289024 -0.060765 1.214417
v 1.289024 -0.060765 1.245699
v 1.289024 -0.060765 1.276981
v 1.289024 -0.060765 1.308263
v 1.289024 -0.060765 1.339545
v 1.289024 -0.060765 1.370827
v 1.289024 -0.060765 1.402109
v 1.289024 -0.060765 1.433391
v 1.289024 -0.060765 1.464673
v 1.289024 -0.060765 1.495955
v 1.289024 -0.060765 1.527237
v 1.289024 -0.060765 1.558519
v 1.289024 -0.060765 1.589801
v 1.289024 -0.060765 1.621083
v 1.289024 -0.060765 1.652366
v 1.289024 -0.060765 1.683648
v 1.289024 -0.060765 1.714930
v 1.289024 -0.060765 1.746212
v 1.289024 -0.060765 1.777494
v 1.289024 -0.060765 1.808776
v 1.289024 -0.060765 1.840058
v 1.189868 -0.060765 1.089288
v 1.189868 -0.060765 1.120570
v 1.189868 -0.060765 1.151852
v 1.189868 -0.060765 1.183134
v 1.189868 -0.060765 1.214417
v 1.189868 -0.060765 1.245699
v 1.189868 -0.060765 1.276981
v 1.189868 -0.060765 1.308263
v 1.189868 -0.060765 1.339545
v 1.189868 -0.060765 1.370827
v 1.189868 -0.060765 1.402109
v 1.189868 -0.060765 1.433391
v 1.189868 -0.060765 1.464673
v 1.189868 -0.060765 1.495955
v 1.189868 -0.060765 1.527237
v 1.189868 -0.060765 1.558519
v 1.189868 -0.060765 1.589801
v 1.189868 -0.060765 1.621083
v 1.189868 -0.060765 1.652366
v 1.189868 -0.060765 1.683648
v 1.189868 -0.060765 1.714930
v 1.189868 -0.060765 1.746212
v 1.189868 -0.060765 1.777494
v 1.189868 -0.060765 1.808776
v 1.189868 -0.060765 1.840058
v 1.090712 -0.060765 1.089288
v 1.090712 -0.060765 1.120570
v 1.090712 -0.060765 1.151852
v 1.090712 -0.060765 1.183134
v 1.090712 -0.060765 1.214417
v 1.090712 -0.060765 1.245699
v 1.090712 -0.060765 1.276981
v 1.090712 -0.060765 1.308263
v 1.090712 -0.060765 1.339545
v 1.090712 -0.060765 1.370827
v 1.090712 -0.060765 1.402109
v 1.090712 -0.060765 1.433391
v 1.090712 -0.060765 1.464673
v 1.090712 -0.060765 1.495955
v 1.090712 -0.060765 1.527237
v 1.090712 -0.060765 1.558519
v 1.090712 -0.060765 1.589801
v 1.090712 -0.060765 1.621083
v 1.090712 -0.060765 1.652366
v 1.090712 -0.060765 1.683648
v 1.090712 -0.060765 1.714930
v 1.090712 -0.060765 1.746212
v 1.090712 -0.060765 1.777494
v 1.090712 -0.060765 1.808776
v 1.090712 -0.060765 1.840058
v 0.991556 -0.060765 1.089288
v 0.991556 -0.060765 1.120570
v 0.991556 -0.060765 1.151852
v 0.991556 -0.060765 1.183134
v 0.991556 -0.060765 1.214417
v 0.991556 -0.060765 1.245699
v 0.991556 -0.060765 1.276981
v 0.991556 -0.060765 1.308263
v 0.991556 -0.060765 1.339545
v 0.991556 -0.060765 1.370827
v 0.991556 -0.060765 1.402109
v 0.991556 -0.060765 1.433391
v 0.991556 -0.060765 1.464673
v 0.991556 -0.060765 1.495955
v 0.991556 -0.060765 1.527237
v 0.991556 -0.060765 1.558519
v 0.991556 -0.060765 1.589801
v 0.991556 -0.060765 1.621083
v 0.991556 -0.060765 1.652366
v 0.991556 -0.060765 1.683648
v 0.991556 -0.060765 1.714930
v 0.991556 -0.060765 1.746212
v 0.991556 -0.060765 1.777494
v 0.991556 -0.060765 1.808776
v 0.991556 -0.060765 1.840058
v 0.892401 -0.060765 1.089288
v 0.892401 -0.060765 1.120570
v 0.892401 -0.060765 1.151852
v 0.892401 -0.060765 1.183134
v 0.892401 -0.060765 1.214417
v 0.892401 -0.060765 1.245699
v 0.892401 -0.060765 1.276981
v 0.892401 -0.060765 1.308263
v 0.892401 -0.060765 1.339545
v 0.892401 -0.060765 1.370827
v 0.892401 -0.060765 1.402109
v 0.892401 -0.060765 1.433391
v 0.892401 -0.060765 1.464673
v 0.892401 -0.060765 1.495955
v 0.892401 -0.060765 1.527237
v 0.892401 -0.060765 1.558519
v 0.892401 -0.060765 1.589801
v 0.892401 -0.060765 1.621083
v 0.892401 -0.060765 1.652366
v 0.892401 -0.060765 1.683648
v 0.892401 -0.060765 1.714930
v 0.892401 -0.060765 1.746212
v 0.892401 -0.060765 1.777494
v 0.892401 -0.060765 1.808776
v 0.892401 -0.060765 1.840058
v 0.793245 -0.060765 1.089288
v 0.793245 -0.060765 1.120570
v 0.793245 -0.060765 1.151852
v 0.793245 -0.060765 1.183134
v 0.793245 -0.060765 1.214417
v 0.793245 -0.060765 1.245699
v 0.793245 -0.060765 1.276981
v 0.793245 -0.060765 1.308263
v 0.793245 -0.060765 1.339545
v 0.793245 -0.060765 1.370827
v 0.793245 -0.060765 1.402109
v 0.793245 -0.060765 1.433391
v 0.793245 -0.060765 1.464673
v 0.793245 -0.060765 1.495955
v 0.793245 -0.060765 1.527237
v 0.793245 -0.060765 1.558519
v 0.793245 -0.060765 1.589801
v 0.793245 -0.060765 1.621083
v 0.793245 -0.060765 1.652366
v 0.793245 -0.060765 1.683648
v 0.793245 -0.060765 1.714930
v 0.793245 -0.060765 1.746212
v 0.793245 -0.060765 1.777494
v 0.793245 -0.060765 1.808776
v 0.793245 -0.060765 1.840058
v 0.694090 -0.060765 1.089288
v 0.694090 -0.060765 1.120570
v 0.694090 -0.060765 1.151852
v 0.694090 -0.060765 1.183134
v 0.694090 -0.060765 1.214417
v 0.694090 -0.060765 1.245699
v 0.694090 -0.060765 1.276981
v 0.694090 -0.060765 1.308263
v 0.694090 -0.060765 1.339545
v 0.694090 -0.060765 1.370827
v 0.694090 -0.060765 1.402109
v 0.694090 -0.060765 1.433391
v 0.694090 -0.060765 1.464673
v 0.694090 -0.060765 1.495955
v 0.694090 -0.060765 1.527237
v 0.694090 -0.060765 1.558519
v 0.694090 -0.060765 1.589801
v 0.694090 -0.060765 1.621083
v 0.694090 -0.060765 1.652366
v 0.694090 -0.060765 1.683648
v 0.694090 -0.060765 1.714930
v 0.694090 -0.060765 1.746212
v 0.694090 -0.060765 1.777494
v 0.694090 -0.060765 1.808776
v 0.694090 -0.060765 1.840058
v 0.594934 -0.060765 1.089288
v 0.594934 -0.060765 1.120570
v 0.594934 -0.060765 1.151852
v 0.594934 -0.060765 1.183134
v 0.594934 -0.060765 1.214417
v 0.594934 -0.060765 1.245699
v 0.594934 -0.060765 1.276981
v 0.594934 -0.060765 1.308263
v 0.594934 -0.060765 1.339545
v 0.594934 -0.060765 1.370827
v 0.594934 -0.060765 1.402109
v 0.594934 -0.060765 1.433391
v 0.594934 -0.060765 1.464673
v 0.594934 -0.060765 1.495955
v 0.594934 -0.060765 1.527237
v 0.594934 -0.060765 1.558519
v 0.594934 -0.060765 1.589801
v 0.594934 -0.060765 1.621083
v 0.594934 -0.060765 1.652366
v 0.594934 -0.060765 1.683648
v 0.594934 -0.060765 1.714930
v 0.594934 -0.060765 1.746212
v 0.594934 -0.060765 1.777494
v 0.594934 -0.060765 1.808776
v 0.594934 -0.060765 1.840058
v 0.495778 -0.060765 1.089288
v 0.495778 -0.060765 1.120570
v 0.495778 -0.060765 1.151852
v 0.495778 -0.060765 1.183134
v 0.495778 -0.060765 1.214417
v 0.495778 -0.060765 1.245699
v 0.495778 -0.060765 1.276981
v 0.495778 -0.060765 1.308263
v 0.495778 -0.060765 1.339545
v 0.495778 -0.060765 1.370827
v 0.495778 -0.060765 1.402109
v 0.495778 -0.060765 1.433391
v 0.495778 -0.060765 1.464673
v 0.495778 -0.060765 1.495955
v 0.495778 -0.060765 1.527237
v 0.495778 -0.060765 1.558519
v 0.495778 -0.060765 1.589801
v 0.495778 -0.060765 1.621083
v 0.495778 -0.060765 1.652366
v 0.495778 -0.060765 1.683648
v 0.495778 -0.060765 1.714930
v 0.495778 -0.060765 1.746212
v 0.495778 -0.060765 1.777494
v 0.495778 -0.060765 1.808776
v 0.495778 -0.060765 1.840058
v 0.396623 -0.060765 1.089288
v 0.396623 -0.060765 1.120570
v 0.396623 -0.060765 1.151852
v 0.396623 -0.060765 1.183134
v 0.396623 -0.060765 1.214417
v 0.396623 -0.060765 1.245699
v 0.396623 -0.060765 1.276981
v 0.396623 -0.060765 1.308263
v 0.396623 -0.060765 1.339545
v 0.396623 -0.060765 1.370827
v 0.396623 -0.060765 1.402109
v 0.396623 -0.060765 1.433391
v 0.396623 -0.060765 1.464673
v 0.396623 -0.060765 1.495955
v 0.396623 -0.060765 1.527237
v 0.396623 -0.060765 1.558519
v 0.396623 -0.060765 1.589801
v 0.396623 -0.060765 1.621083
v 0.396623 -0.060765 1.652366
v 0.396623 -0.060765 1.683648
v 0.396623 -0.060765 1.714930
v 0.396623 -0.060765 1.746212
v 0.396623 -0.060765 1.777494
v 0.396623 -0.060765 1.808776
v 0.396623 -0.060765 1.840058
v 0.297467 -0.060765 1.089288
v 0.297467 -0.060765 1.120570
v 0.297467 -0.060765 1.151852
v 0.297467 -0.060765 1.183134
v 0.297467 -0.060765 1.214417
v 0.297467 -0.060765 1.245699
v 0.297467 -0.060765 1.276981
v 0.297467 -0.060765 1.308263
v 0.297467 -0.060765 1.339545
v 0.297467 -0.060765 1.370827
v 0.297467 -0.060765 1.402109
v 0.297467 -0.060765 1.433391
v 0.297467 -0.060765 1.464673
v 0.297467 -0.060765 1.495955
v 0.297467 -0.060765 1.527237
v 0.297467 -0.060765 1.558519
v 0.297467 -0.060765 1.589801
v 0.297467 -0.060765 1.621083
v 0.297467 -0.060765 1.652366
v 0.297467 -0.060765 1.683648
v 0.297467 -0.060765 1.714930
v 0.297467 -0.060765 1.746212
v 0.297467 -0.060765 1.777494
v 0.297467 -0.060765 1.808776
v 0.297467 -0.060765 1.840058
v 0.198311 -0.060765 1.089288
v 0.198311 -0.060765 1.120570
v 0.198311 -0.060765 1.151852
v 0.198311 -0.060765 1.183134
v 0.198311 -0.060765 1.214417
v 0.198311 -0.060765 1.245699
v 0.198311 -0.060765 1.276981
v 0.198311 -0.060765 1.308263
v 0.198311 -0.060765 1.339545
v 0.198311 -0.060765 1.370827
v 0.198311 -0.060765 1.402109
v 0.198311 -0.060765 1.433391
v 0.198311 -0.060765 1.464673
v 0.198311 -0.060765 1.495955
v 0.198311 -0.060765 1.527237
v 0.198311 -0.060765 1.558519
v 0.198311 -0.060765 1.589801
v 0.198311 -0.060765 1.621083
v 0.198311 -0.060765 1.652366
v 0.198311 -0.060765 1.683648
v 0.198311 -0.060765 1.714930
v 0.198311 -0.060765 1.746212
v 0.198311 -0.060765 1.777494
v 0.198311 -0.060765 1.808776
v 0.198311 -0.060765 1.840058
v 0.099156 -0.060765 1.089288
v 0.099156 -0.060765 1.120570
v 0.099156 -0.060765 1.151852
v 0.099156 -0.060765 1.183134
v 0.099156 -0.060765 1.214417
v 0.099156 -0.060765 1.245699
v 0.099156 -0.060765 1.276981
v 0.099156 -0.060765 1.308263
v 0.099156 -0.060765 1.339545
v 0.099156 -0.060765 1.370827
v 0.099156 -0.060765 1.402109
v 0.099156 -0.060765 1.433391
v 0.099156 -0.060765 1.464673
v 0.099156 -0.060765 1.495955
v 0.099156 -0.060765 1.527237
v 0.099156 -0.060765 1.558519
v 0.099156 -0.060765 1.589801
v 0.099156 -0.060765 1.621083
v 0.099156 -0.060765 1.652366
v 0.099156 -0.060765 1.683648
v 0.099156 -0.060765 1.714930
v 0.099156 -0.060765 1.746212
v 0.099156 -0.060765 1.777494
v 0.099156 -0.060765 1.808776
v 0.099156 -0.060765 1.840058
v -0.000000 -0.060765 1.089288
v -0.000000 -0.060765 1.120570
v -0.000000 -0.060765 1.151852
v -0.000000 -0.060765 1.183134
v -0.000000 -0.060765 1.214417
v -0.000000 -0.060765 1.245699
v -0.000000 -0.060765 1.276981
v -0.000000 -0.060765 1.308263
v -0.000000 -0.060765 1.339545
v -0.000000 -0.060765 1.370827
v -0.000000 -0.060765 1.402109
v -0.000000 -0.060765 1.433391
v -0.000000 -0.060765 1.464673
v 0.000000 -0.060765 1.495955
v 0.000000 -0.060765 1.527237
v 0.000000 -0.060765 1.558519
v 0.000000 -0.060765 1.589801
v 0.000000 -0.060765 1.621083
v 0.000000 -0.060765 1.652366
v 0.000000 -0.060765 1.683648
v 0.000000 -0.060765 1.714930
v 0.000000 -0.060765 1.746212
v 0.000000 -0.060765 1.777494
v 0.000000 -0.060765 1.808776
v 0.000000 -0.060765 1.840058
v -0.099156 -0.060765 1.089288
v -0.099156 -0.060765 1.120570
v -0.099156 -0.060765 1.151852
v -0.099156 -0.060765 1.183134
v -0.099156 -0.060765 1.214417
v -0.099156 -0.060765 1.245699
v -0.099156 -0.060765 1.276981
v -0.099156 -0.060765 1.308263
v -0.099156 -0.060765 1.339545
v -0.099156 -0.060765 1.370827
v -0.099156 -0.060765 1.402109
v -0.099156 -0.060765 1.433391
v -0.099156 -0.060765 1.464673
v -0.099156 -0.060765 1.495955
v -0.099156 -0.060765 1.527237
v -0.099156 -0.060765 1.558519
v -0.099156 -0.060765 1.589801
v -0.099156 -0.060765 1.621083
v -0.099156 -0.060765 1.652366
v -0.099156 -0.060765 1.683648
v -0.099156 -0.060765 1.714930
v -0.099156 -0.060765 1.746212
v -0.099156 -0.060765 1.777494
v -0.099156 -0.060765 1.808776
v -0.099156 -0.060765 1.840058
v -0.198311 -0.060765 1.089288
v -0.198311 -0.060765 1.120570
v -0.198311 -0.060765 1.151852
v -0.198311 -0.060765 1.183134
v -0.198311 -0.060765 1.214417
v -0.198311 -0.060765 1.245699
v -0.198311 -0.060765 1.276981
v -0.198311 -0.060765 1.308263
v -0.198311 -0.060765 1.339545
v -0.198311 -0.060765 1.370827
v -0.198311 -0.060765 1.402109
v -0.198311 -0.060765 1.433391
v -0.198311 -0.060765 1.464673
v -0.198311 -0.060765 1.495955
v -0.198311 -0.060765 1.527237
v -0.198311 -0.060765 1.558519
v -0.198311 -0.060765 1.589801
v -0.198311 -0.060765 1.621083
v -0.198311 -0.060765 1.652366
v -0.198311 -0.060765 1.683648
v -0.198311 -0.060765 1.714930
v -0.198311 -0.060765 1.746212
v -0.198311 -0.060765 1.777494
v -0.198311 -0.060765 1.808776
v -0.198311 -0.060765 1.840058
v -0.297467 -0.060765 1.089288
v -0.297467 -0.060765 1.120570
v -0.297467 -0.060765 1.151852
v -0.297467 -0.060765 1.183134
v -0.297467 -0.060765 1.214417
v -0.297467 -0.060765 1.245699
v -0.297467 -0.060765 1.276981
v -0.297467 -0.060765 1.308263
v -0.297467 -0.060765 1.339545
v -0.297467 -0.060765 1.370827
v -0.297467 -0.060765 1.402109
v -0.297467 -0.060765 1.433391
v -0.297467 -0.060765 1.464673
v -0.297467 -0.060765 1.495955
v -0.297467 -0.060765 1.527237
v -0.297467 -0.060765 1.558519
v -0.297467 -0.060765 1.589801
v -0.297467 -0.060765 1.621083
v -0.297467 -0.060765 1.652366
v -0.297467 -0.060765 1.683648
v -0.297467 -0.060765 1.714930
v -0.297467 -0.060765 1.746212
v -0.297467 -0.060765 1.777494
v -0.297467 -0.060765 1.808776
v -0.297467 -0.060765 1.840058
v -0.396623 -0.060765 1.089288
v -0.396623 -0.060765 1.120570
v -0.396623 -0.060765 1.151852
v -0.396623 -0.060765 1.183134
v -0.396623 -0.060765 1.214417
v -0.396623 -0.060765 1.245699
v -0.396623 -0.060765 1.276981
v -0.396623 -0.060765 1.308263
v -0.396623 -0.060765 1.339545
v -0.396623 -0.060765 1.370827
v -0.396623 -0.060765 1.402109
v -0.396623 -0.060765 1.433391
v -0.396623 -0.060765 1.464673
v -0.396623 -0.060765 1.495955
v -0.396623 -0.060765 1.527237
v -0.396623 -0.060765 1.558519
v -0.396623 -0.060765 1.589801
v -0.396623 -0.060765 1.621083
v -0.396623 -0.060765 1.652366
v -0.396623 -0.060765 1.683648
v -0.396623 -0.060765 1.714930
v -0.396623 -0.060765 1.746212
v -0.396623 -0.060765 1.777494
v -0.396623 -0.060765 1.808776
v -0.396623 -0.060765 1.840058
v -0.495778 -0.060765 1.089288
v -0.495778 -0.060765 1.120570
v -0.495778 -0.060765 1.151852
v -0.495778 -0.060765 1.183134
v -0.495778 -0.060765 1.214417
v -0.495778 -0.060765 1.245699
v -0.495778 -0.060765 1.276981
v -0.495778 -0.060765 1.308263
v -0.495778 -0.060765 1.339545
v -0.495778 -0.060765 1.370827
v -0.495778 -0.060765 1.402109
v -0.495778 -0.060765 1.433391
v -0.495778 -0.060765 1.464673
v -0.495778 -0.060765 1.495955
v -0.495778 -0.060765 1.527237
v -0.495778 -0.060765 1.558519
v -0.495778 -0.060765 1.589801
v -0.495778 -0.060765 1.621083
v -0.495778 -0.060765 1.652366
v -0.495778 -0.060765 1.683648
v -0.495778 -0.060765 1.714930
v -0.495778 -0.060765 1.746212
v -0.495778 -0.060765 1.777494
v -0.495778 -0.060765 1.808776
v -0.495778 -0.060765 1.840058
v -0.594934 -0.060765 1.089288
v -0.594934 -0.060765 1.120570
v -0.594934 -0.060765 1.151852
v -0.594934 -0.060765 1.183134
v -0.594934 -0.060765 1.214417
v -0.594934 -0.060765 1.245699
v -0.594934 -0.060765 1.276981
v -0.594934 -0.060765 1.308263
v -0.594934 -0.060765 1.339545
v -0.594934 -0.060765 1.370827
v -0.594934 -0.060765 1.402109
v -0.594934 -0.060765 1.433391
v -0.594934 -0.060765 1.464673
v -0.594934 -0.060765 1.495955
v -0.594934 -0.060765 1.527237
v -0.594934 -0.060765 1.558519
v -0.594934 -0.060765 1.589801
v -0.594934 -0.060765 1.621083
v -0.594934 -0.060765 1.652366
v -0.594934 -0.060765 1.683648
v -0.594934 -0.060765 1.714930
v -0.594934 -0.060765 1.746212
v -0.594934 -0.060765 1.777494
v -0.594934 -0.060765 1.808776
v -0.594934 -0.060765 1.840058
v -0.694090 -0.060765 1.089288
v -0.694090 -0.060765 1.120570
v -0.694090 -0.060765 1.151852
v -0.694090 -0.060765 1.183134
v -0.694090 -0.060765 1.214417
v -0.694090 -0.060765 1.245699
v -0.694090 -0.060765 1.276981
v -0.694090 -0.060765 1.308263
v -0.694090 -0.060765 1.339545
v -0.694090 -0.060765 1.370827
v -0.694090 -0.060765 1.402109
v -0.694090 -0.060765 1.433391
v -0.694090 -0.060765 1.464673
v -0.694090 -0.060765 1.495955
v -0.694090 -0.060765 1.527237
v -0.694090 -0.060765 1.558519
v -0.694090 -0.060765 1.589801
v -0.694090 -0.060765 1.621083
v -0.694090 -0.060765 1.652366
v -0.694090 -0.060765 1.683648
v -0.694090 -0.060765 1.714930
v -0.694090 -0.060765 1.746212
v -0.694090 -0.060765 1.777494
v -0.694090 -0.060765 1.808776
v -0.694090 -0.060765 1.840058
v -0.793245 -0.060765 1.089288
v -0.793245 -0.060765 1.120570
v -0.793245 -0.060765 1.151852
v -0.793245 -0.060765 1.183134
v -0.793245 -0.060765 1.214417
v -0.793245 -0.060765 1.245699
v -0.793245 -0.060765 1.276981
v -0.793245 -0.060765 1.308263
v -0.793245 -0.060765 1.339545
v -0.793245 -0.060765 1.370827
v -0.793245 -0.060765 1.402109
v -0.793245 -0.060765 1.433391
v -0.793245 -0.060765 1.464673
v -0.793245 -0.060765 1.495955
v -0.793245 -0.060765 1.527237
v -0.793245 -0.060765 1.558519
v -0.793245 -0.060765 1.589801
v -0.793245 -0.060765 1.621083
v -0.793245 -0.060765 1.652366
v -0.793245 -0.060765 1.683648
v -0.793245 -0.060765 1.714930
v -0.793245 -0.060765 1.746212
v -0.793245 -0.060765 1.777494
v -0.793245 -0.060765 1.808776
v -0.793245 -0.060765 1.840058
v -0.892401 -0.060765 1.089288
v -0.892401 -0.060765 1.120570
v -0.892401 -0.060765 1.151852
v -0.892401 -0.060765 1.183134
v -0.892401 -0.060765 1.214417
v -0.892401 -0.060765 1.245699
v -0.892401 -0.060765 1.276981
v -0.892401 -0.060765 1.308263
v -0.892401 -0.060765 1.339545
v -0.892401 -0.060765 1.370827
v -0.892401 -0.060765 1.402109
v -0.892401 -0.060765 1.433391
v -0.892401 -0.060765 1.464673
v -0.892401 -0.060765 1.495955
v -0.892401 -0.060765 1.527237
v -0.892401 -0.060765 1.558519
v -0.892401 -0.060765 1.589801
v -0.892401 -0.060765 1.621083
v -0.892401 -0.060765 1.652366
v -0.892401 -0.060765 1.683648
v -0.892401 -0.060765 1.714930
v -0.892401 -0.060765 1.746212
v -0.892401 -0.060765 1.777494
v -0.892401 -0.060765 1.808776
v -0.892401 -0.060765 1.840058
v -0.991557 -0.060765 1.089288
v -0.991557 -0.060765 1.120570
v -0.991557 -0.060765 1.151852
v -0.991557 -0.060765 1.183134
v -0.991557 -0.060765 1.214417
v -0.991557 -0.060765 1.245699
v -0.991557 -0.060765 1.276981
v -0.991557 -0.060765 1.308263
v -0.991557 -0.060765 1.339545
v -0.991557 -0.060765 1.370827
v -0.991557 -0.060765 1.402109
v -0.991557 -0.060765 1.433391
v -0.991557 -0.060765 1.464673
v -0.991557 -0.060765 1.495955
v -0.991557 -0.060765 1.527237
v -0.991557 -0.060765 1.558519
v -0.991557 -0.060765 1.589801
v -0.991557 -0.060765 1.621083
v -0.991557 -0.060765 1.652366
v -0.991557 -0.060765 1.683648
v -0.991557 -0.060765 1.714930
v -0.991557 -0.060765 1.746212
v -0.991557 -0.060765 1.777494
v -0.991557 -0.060765 1.808776
v -0.991556 -0.060765 1.840058
v -1.090712 -0.060765 1.089288
v -1.090712 -0.060765 1.120570
v -1.090712 -0.060765 1.151852
v -1.090712 -0.060765 1.183134
v -1.090712 -0.060765 1.214417
v -1.090712 -0.060765 1.245699
v -1.090712 -0.060765 1.276981
v -1.090712 -0.060765 1.308263
v -1.090712 -0.060765 1.339545
v -1.090712 -0.060765 1.370827
v -1.090712 -0.060765 1.402109
v -1.090712 -0.060765 1.433391
v -1.090712 -0.060765 1.464673
v -1.090712 -0.060765 1.495955
v -1.090712 -0.060765 1.527237
v -1.090712 -0.060765 1.558519
v -1.090712 -0.060765 1.589801
v -1.090712 -0.060765 1.621083
v -1.090712 -0.060765 1.652366
v -1.090712 -0.060765 1.683648
v -1.090712 -0.060765 1.714930
v -1.090712 -0.060765 1.746212
v -1.090712 -0.060765 1.777494
v -1.090712 -0.060765 1.808776
v -1.090712 -0.060765 1.840058
v -1.189868 -0.060765 1.089288
v -1.189868 -0.060765 1.120570
v -1.189868 -0.060765 1.151852
v -1.189868 -0.060765 1.183134
v -1.189868 -0.060765 1.214417
v -1.189868 -0.060765 1.245699
v -1.189868 -0.060765 1.276981
v -1.189868 -0.060765 1.308263
v -1.189868 -0.060765 1.339545
v -1.189868 -0.060765 1.370827
v -1.189868 -0.060765 1.402109
v -1.189868 -0.060765 1.433391
v -1.189868 -0.060765 1.464673
v -1.189868 -0.060765 1.495955
v -1.189868 -0.060765 1.527237
v -1.189868 -0.060765 1.558519
v -1.189868 -0.060765 1.589801
v -1.189868 -0.060765 1.621083
v -1.189868 -0.060765 1.652366
v -1.189868 -0.060765 1.683648
v -1.189868 -0.060765 1.714930
v -1.189868 -0.060765 1.746212
v -1.189868 -0.060765 1.777494
v -1.189868 -0.060765 1.808776
v -1.189868 -0.060765 1.840058
v -1.189868 0.060765 1.089288
v -1.189868 0.060765 1.120570
v -1.189868 0.060765 1.151852
v -1.189868 0.060765 1.183134
v -1.189868 0.060765 1.214417
v -1.189868 0.060765 1.245699
v -1.189868 0.060765 1.276981
v -1.189868 0.060765 1.308263
v -1.189868 0.060765 1.339545
v -1.189868 0.060765 1.370827
v -1.189868 0.060765 1.402109
v -1.189868 0.060765 1.433391
v -1.189868 0.060765 1.464673
v -1.189868 0.060765 1.495955
v -1.189868 0.060765 1.527237
v -1.189868 0.060765 1.558519
v -1.189868 0.060765 1.589801
v -1.189868 0.060765 1.621083
v -1.189868 0.060765 1.652366
v -1.189868 0.060765 1.683648
v -1.189868 0.060765 1.714930
v -1.189868 0.060765 1.746212
v -1.189868 0.060765 1.777494
v -1.189868 0.060765 1.808776
v -1.189868 0.060765 1.840058
v -1.090712 0.060765 1.089288
v -1.090712 0.060765 1.120570
v -1.090712 0.060765 1.151852
v -1.090712 0.060765 1.183134
v -1.090712 0.060765 1.214417
v -1.090712 0.060765 1.245699
v -1.090712 0.060765 1.276981
v -1.090712 0.060765 1.308263
v -1.090712 0.060765 1.339545
v -1.090712 0.060765 1.370827
v -1.090712 0.060765 1.402109
v -1.090712 0.060765 1.433391
v -1.090712 0.060765 1.464673
v -1.090712 0.060765 1.495955
v -1.090712 0.060765 1.527237
v -1.090712 0.060765 1.558519
v -1.090712 0.060765 1.589801
v -1.090712 0.060765 1.621083
v -1.090712 0.060765 1.652366
v -1.090712 0.060765 1.683648
v -1.090712 0.060765 1.714930
v -1.090712 0.060765 1.746212
v -1.090712 0.060765 1.777494
v -1.090712 0.060765 1.808776
v -1.090712 0.060765 1.840058
v -0.991556 0.060765 1.089288
v -0.991556 0.060765 1.120570
v -0.991556 0.060765 1.151852
v -0.991556 0.060765 1.183134
v -0.991556 0.060765 1.214417
v -0.991556 0.060765 1.245699
v -0.991556 0.060765 1.276981
v -0.991556 0.060765 1.308263
v -0.991556 0.060765 1.339545
v -0.991556 0.060765 1.370827
v -0.991556 0.060765 1.402109
v -0.991556 0.060765 1.433391
v -0.991556 0.060765 1.464673
v -0.991556 0.060765 1.495955
v -0.991556 0.060765 1.527237
v -0.991556 0.060765 1.558519
v -0.991556 0.060765 1.589801
v -0.991556 0.060765 1.621083
v -0.991556 0.060765 1.652366
v -0.991556 0.060765 1.683648
v -0.991556 0.060765 1.714930
v -0.991556 0.060765 1.746212
v -0.991556 0.060765 1.777494
v -0.991556 0.060765 1.808776
v -0.991556 0.060765 1.840058
v -0.892401 0.060765 1.089288
v -0.892401 0.060765 1.120570
v -0.892401 0.060765 1.151852
v -0.892401 0.060765 1.183134
v -0.892401 0.060765 1.214417
v -0.892401 0.060765 1.245699
v -0.892401 0.060765 1.276981
v -0.892401 0.060765 1.308263
v -0.892401 0.060765 1.339545
v -0.892401 0.060765 1.370827
v -0.892401 0.060765 1.402109
v -0.892401 0.060765 1.433391
v -0.892401 0.060765 1.464673
v -0.892401 0.060765 1.495955
v -0.892401 0.060765 1.527237
v -0.892401 0.060765 1.558519
v -0.892401 0.060765 1.589801
v -0.892401 0.060765 1.621083
v -0.892401 0.060765 1.652366
v -0.892401 0.060765 1.683648
v -0.892401 0.060765 1.714930
v -0.892401 0.060765 1.746212
v -0.892401 0.060765 1.777494
v -0.892401 0.060765 1.808776
v -0.892401 0.060765 1.840058
v -0.793245 0.060765 1.089288
v -0.793245 0.060765 1.120570
v -0.793245 0.060765 1.151852
v -0.793245 0.060765 1.183134
v -0.793245 0.060765 1.214417
v -0.793245 0.060765 1.245699
v -0.793245 0.060765 1.276981
v -0.793245 0.060765 1.308263
v -0.793245 0.060765 1.339545
v -0.793245 0.060765 1.370827
v -0.793245 0.060765 1.402109
v -0.793245 0.060765 1.433391
v -0.793245 0.060765 1.464673
v -0.793245 0.060765 1.495955
v -0.793245 0.060765 1.527237
v -0.793245 0.060765 1.558519
v -0.793245 0.060765 1.589801
v -0.793245 0.060765 1.621083
v -0.793245 0.060765 1.652366
v -0.793245 0.060765 1.683648
v -0.793245 0.060765 1.714930
v -0.793245 0.060765 1.746212
v -0.793245 0.060765 1.777494
v -0.793245 0.060765 1.808776
v -0.793245 0.060765 1.840058
v -0.694090 0.060765 1.089288
v -0.694090 0.060765 1.120570
v -0.694090 0.060765 1.151852
v -0.694090 0.060765 1.183134
v -0.694090 0.060765 1.214417
v -0.694090 0.060765 1.245699
v -0.694090 0.060765 1.276981
v -0.694090 0.060765 1.308263
v -0.694090 0.060765 1.339545
v -0.694090 0.060765 1.370827
v -0.694090 0.060765 1.402109
v -0.694090 0.060765 1.433391
v -0.694090 0.060765 1.464673
v -0.694090 0.060765 1.495955
v -0.694090 0.060765 1.527237
v -0.694090 0.060765 1.558519
v -0.694090 0.060765 1.589801
v -0.694090 0.060765 1.621083
v -0.694090 0.060765 1.652366
v -0.694090 0.060765 1.683648
v -0.694090 0.060765 1.714930
v -0.694090 0.060765 1.746212
v -0.694090 0.060765 1.777494
v -0.694090 0.060765 1.808776
v -0.694090 0.060765 1.840058
v -0.594934 0.060765 1.089288
v -0.594934 0.060765 1.120570
v -0.594934 0.060765 1.151852
v -0.594934 0.060765 1.183134
v -0.594934 0.060765 1.214417
v -0.594934 0.060765 1.245699
v -0.594934 0.060765 1.276981
v -0.594934 0.060765 1.308263
v -0.594934 0.060765 1.339545
v -0.594934 0.060765 1.370827
v -0.594934 0.060765 1.402109
v -0.594934 0.060765 1.433391
v -0.594934 0.060765 1.464673
v -0.594934 0.060765 1.495955
v -0.594934 0.060765 1.527237
v -0.594934 0.060765 1.558519
v -0.594934 0.060765 1.589801
v -0.594934 0.060765 1.621083
v -0.594934 0.060765 1.652366
v -0.594934 0.060765 1.683648
v -0.594934 0.060765 1.714930
v -0.594934 0.060765 1.746212
v -0.594934 0.060765 1.777494
v -0.594934 0.060765 1.808776
v -0.594934 0.060765 1.840058
v -0.495778 0.060765 1.089288
v -0.495778 0.060765 1.120570
v -0.495778 0.060765 1.151852
v -0.495778 0.060765 1.183134
v -0.495778 0.060765 1.214417
v -0.495778 0.060765 1.245699
v -0.495778 0.060765 1.276981
v -0.495778 0.060765 1.308263
v -0.495778 0.060765 1.339545
v -0.495778 0.060765 1.370827
v -0.495778 0.060765 1.402109
v -0.495778 0.060765 1.433391
v -0.495778 0.060765 1.464673
v -0.495778 0.060765 1.495955
v -0.495778 0.060765 1.527237
v -0.495778 0.060765 1.558519
v -0.495778 0.060765 1.589801
v -0.495778 0.060765 1.621083
v -0.495778 0.060765 1.652366
v -0.495778 0.060765 1.683648
v -0.495778 0.060765 1.714930
v -0.495778 0.060765 1.746212
v -0.495778 0.060765 1.777494
v -0.495778 0.060765 1.808776
v -0.495778 0.060765 1.840058
v -0.396623 0.060765 1.089288
v -0.396623 0.060765 1.120570
v -0.396623 0.060765 1.151852
v -0.396623 0.060765 1.183134
v -0.396623 0.060765 1.214417
v -0.396623 0.060765 1.245699
v -0.396623 0.060765 1.276981
v -0.396623 0.060765 1.308263
v -0.396623 0.060765 1.339545
v -0.396623 0.060765 1.370827
v -0.396623 0.060765 1.402109
v -0.396623 0.060765 1.433391
v -0.396623 0.060765 1.464673
v -0.396623 0.060765 1.495955
v -0.396623 0.060765 1.527237
v -0.396623 0.060765 1.558519
v -0.396623 0.060765 1.589801
v -0.396623 0.060765 1.621083
v -0.396623 0.060765 1.652366
v -0.396623 0.060765 1.683648
v -0.396623 0.060765 1.714930
v -0.396623 0.060765 1.746212
v -0.396623 0.060765 1.777494
v -0.396623 0.060765 1.808776
v -0.396623 0.060765 1.840058
v -0.297467 0.060765 1.089288
v -0.297467 0.060765 1.120570
v -0.297467 0.060765 1.151852
v -0.297467 0.060765 1.183134
v -0.297467 0.060765 1.214417
v -0.297467 0.060765 1.245699
v -0.297467 0.060765 1.276981
v -0.297467 0.060765 1.308263
v -0.297467 0.060765 1.339545
v -0.297467 0.060765 1.370827
v -0.297467 0.060765 1.402109
v -0.297467 0.060765 1.433391
v -0.297467 0.060765 1.464673
v -0.297467 0.060765 1.495955
v -0.297467 0.060765 1.527237
v -0.297467 0.060765 1.558519
v -0.297467 0.060765 1.589801
v -0.297467 0.060765 1.621083
v -0.297467 0.060765 1.652366
v -0.297467 0.060765 1.683648
v -0.297467 0.060765 1.714930
v -0.297467 0.060765 1.746212
v -0.297467 0.060765 1.777494
v -0.297467 0.060765 1.808776
v -0.297467 0.060765 1.840058
v -0.198311 0.060765 1.089288
v -0.198311 0.060765 1.120570
v -0.198311 0.060765 1.151852
v -0.198311 0.060765 1.183134
v -0.198311 0.060765 1.214417
v -0.198311 0.060765 1.245699
v -0.198311 0.060765 1.276981
v -0.198311 0.060765 1.308263
v -0.198311 0.060765 1.339545
v -0.198311 0.060765 1.370827
v -0.198311 0.060765 1.402109
v -0.198311 0.060765 1.433391
v -0.198311 0.060765 1.464673
v -0.198311 0.060765 1.495955
v -0.198311 0.060765 1.527237
v -0.198311 0.060765 1.558519
v -0.198311 0.060765 1.589801
v -0.198311 0.060765 1.621083
v -0.198311 0.060765 1.652366
v -0.198311 0.060765 1.683648
v -0.198311 0.060765 1.714930
v -0.198311 0.060765 1.746212
v -0.198311 0.060765 1.777494
v -0.198311 0.060765 1.808776
v -0.198311 0.060765 1.840058
v -0.099156 0.060765 1.089288
v -0.099156 0.060765 1.120570
v -0.099156 0.060765 1.151852
v -0.099156 0.060765 1.183134
v -0.099156 0.060765 1.214417
v -0.099156 0.060765 1.245699
v -0.099156 0.060765 1.276981
v -0.099156 0.060765 1.308263
v -0.099156 0.060765 1.339545
v -0.099156 0.060765 1.370827
v -0.099156 0.060765 1.402109
v -0.099156 0.060765 1.433391
v -0.099156 0.060765 1.464673
v -0.099156 0.060765 1.495955
v -0.099156 0.060765 1.527237
v -0.099156 0.060765 1.558519
v -0.099156 0.060765 1.589801
v -0.099156 0.060765 1.621083
v -0.099156 0.060765 1.652366
v -0.099156 0.060765 1.683648
v -0.099156 0.060765 1.714930
v -0.099156 0.060765 1.746212
v -0.099156 0.060765 1.777494
v -0.099156 0.060765 1.808776
v -0.099156 0.060765 1.840058
v 0.000000 0.060765 1.089288
v 0.000000 0.060765 1.120570
v 0.000000 0.060765 1.151852
v 0.000000 0.060765 1.183134
v 0.000000 0.060765 1.214417
v 0.000000 0.060765 1.245699
v 0.000000 0.060765 1.276981
v 0.000000 0.060765 1.308263
v 0.000000 0.060765 1.339545
v 0.000000 0.060765 1.370827
v 0.000000 0.060765 1.402109
v 0.000000 0.060765 1.433391
v 0.000000 0.060765 1.464673
v -0.000000 0.060765 1.495955
v -0.000000 0.060765 1.527237
v -0.000000 0.060765 1.558519
v -0.000000 0.060765 1.589801
v -0.000000 0.060765 1.621083
v -0.000000 0.060765 1.652366
v -0.000000 0.060765 1.683648
v -0.000000 0.060765 1.714930
v -0.000000 0.060765 1.746212
v -0.000000 0.060765 1.777494
v -0.000000 0.060765 1.808776
v -0.000000 0.060765 1.840058
v 0.099156 0.060765 1.089288
v 0.099156 0.060765 1.120570
v 0.099156 0.060765 1.151852
v 0.099156 0.060765 1.183134
v 0.099156 0.060765 1.214417
v 0.099156 0.060765 1.245699
v 0.099156 0.060765 1.276981
v 0.099156 0.060765 1.308263
v 0.099156 0.060765 1.339545
v 0.099156 0.060765 1.370827
v 0.099156 0.060765 1.402109
v 0.099156 0.060765 1.433391
v 0.099156 0.060765 1.464673
v 0.099156 0.060765 1.495955
v 0.099156 0.060765 1.527237
v 0.099156 0.060765 1.558519
v 0.099156 0.060765 1.589801
v 0.099156 0.060765 1.621083
v 0.099156 0.060765 1.652366
v 0.099156 0.060765 1.683648
v 0.099156 0.060765 1.714930
v 0.099156 0.060765 1.746212
v 0.099156 0.060765 1.777494
v 0.099156 0.060765 1.808776
v 0.099156 0.060765 1.840058
v 0.198311 0.060765 1.089288
v 0.198311 0.060765 1.120570
v 0.198311 0.060765 1.151852
v 0.198311 0.060765 1.183134
v 0.198311 0.060765 1.214417
v 0.198311 0.060765 1.245699
v 0.198311 0.060765 1.276981
v 0.198311 0.060765 1.308263
v 0.198311 0.060765 1.339545
v 0.198311 0.060765 1.370827
v 0.198311 0.060765 1.402109
v 0.198311 0.060765 1.433391
v 0.198311 0.060765 1.464673
v 0.198311 0.060765 1.495955
v 0.198311 0.060765 1.527237
v 0.198311 0.060765 1.558519
v 0.198311 0.060765 1.589801
v 0.198311 0.060765 1.621083
v 0.198311 0.060765 1.652366
v 0.198311 0.060765 1.683648
v 0.198311 0.060765 1.714930
v 0.198311 0.060765 1.746212
v 0.198311 0.060765 1.777494
v 0.198311 0.060765 1.808776
v 0.198311 0.060765 1.840058
v 0.297467 0.060765 1.089288
v 0.297467 0.060765 1.120570
v 0.297467 0.060765 1.151852
v 0.297467 0.060765 1.183134
v 0.297467 0.060765 1.214417
v 0.297467 0.060765 1.245699
v 0.297467 0.060765 1.276981
v 0.297467 0.060765 1.308263
v 0.297467 0.060765 1.339545
v 0.297467 0.060765 1.370827
v 0.297467 0.060765 1.402109
v 0.297467 0.060765 1.433391
v 0.297467 0.060765 1.464673
v 0.297467 0.060765 1.495955
v 0.297467 0.060765 1.527237
v 0.297467 0.060765 1.558519
v 0.297467 0.060765 1.589801
v 0.297467 0.060765 1.621083
v 0.297467 0.060765 1.652366
v 0.297467 0.060765 1.683648
v 0.297467 0.060765 1.714930
v 0.297467 0.060765 1.746212
v 0.297467 0.060765 1.777494
v 0.297467 0.060765 1.808776
v 0.297467 0.060765 1.840058
v 0.396623 0.060765 1.089288
v 0.396623 0.060765 1.120570
v 0.396623 0.060765 1.151852
v 0.396623 0.060765 1.183134
v 0.396623 0.060765 1.214417
v 0.396623 0.060765 1.245699
v 0.396623 0.060765 1.276981
v 0.396623 0.060765 1.308263
v 0.396623 0.060765 1.339545
v 0.396623 0.060765 1.370827
v 0.396623 0.060765 1.402109
v 0.396623 0.060765 1.433391
v 0.396623 0.060765 1.464673
v 0.396623 0.060765 1.495955
v 0.396623 0.060765 1.527237
v 0.396623 0.060765 1.558519
v 0.396623 0.060765 1.589801
v 0.396623 0.060765 1.621083
v 0.396623 0.060765 1.652366
v 0.396623 0.060765 1.683648
v 0.396623 0.060765 1.714930
v 0.396623 0.060765 1.746212
v 0.396623 0.060765 1.777494
v 0.396623 0.060765 1.808776
v 0.396623 0.060765 1.840058
v 0.495778 0.060765 1.089288
v 0.495778 0.060765 1.120570
v 0.495778 0.060765 1.151852
v 0.495778 0.060765 1.183134
v 0.495778 0.060765 1.214417
v 0.495778 0.060765 1.245699
v 0.495778 0.060765 1.276981
v 0.495778 0.060765 1.308263
v 0.495778 0.060765 1.339545
v 0.495778 0.060765 1.370827
v 0.495778 0.060765 1.402109
v 0.495778 0.060765 1.433391
v 0.495778 0.060765 1.464673
v 0.495778 0.060765 1.495955
v 0.495778 0.060765 1.527237
v 0.495778 0.060765 1.558519
v 0.495778 0.060765 1.589801
v 0.495778 0.060765 1.621083
v 0.495778 0.060765 1.652366
v 0.495778 0.060765 1.683648
v 0.495778 0.060765 1.714930
v 0.495778 0.060765 1.746212
v 0.495778 0.060765 1.777494
v 0.495778 0.060765 1.808776
v 0.495778 0.060765 1.840058
v 0.594934 0.060765 1.089288
v 0.594934 0.060765 1.120570
v 0.594934 0.060765 1.151852
v 0.594934 0.060765 1.183134
v 0.594934 0.060765 1.214417
v 0.594934 0.060765 1.245699
v 0.594934 0.060765 1.276981
v 0.594934 0.060765 1.308263
v 0.594934 0.060765 1.339545
v 0.594934 0.060765 1.370827
v 0.594934 0.060765 1.402109
v 0.594934 0.060765 1.433391
v 0.594934 0.060765 1.464673
v 0.594934 0.060765 1.495955
v 0.594934 0.060765 1.527237
v 0.594934 0.060765 1.558519
v 0.594934 0.060765 1.589801
v 0.594934 0.060765 1.621083
v 0.594934 0.060765 1.652366
v 0.594934 0.060765 1.683648
v 0.594934 0.060765 1.714930
v 0.594934 0.060765 1.746212
v 0.594934 0.060765 1.777494
v 0.594934 0.060765 1.808776
v 0.594934 0.060765 1.840058
v 0.694090 0.060765 1.089288
v 0.694090 0.060765 1.120570
v 0.694090 0.060765 1.151852
v 0.694090 0.060765 1.183134
v 0.694090 0.060765 1.214417
v 0.694090 0.060765 1.245699
v 0.694090 0.060765 1.276981
v 0.694090 0.060765 1.308263
v 0.694090 0.060765 1.339545
v 0.694090 0.060765 1.370827
v 0.694090 0.060765 1.402109
v 0.694090 0.060765 1.433391
v 0.694090 0.060765 1.464673
v 0.694090 0.060765 1.495955
v 0.694090 0.060765 1.527237
v 0.694090 0.060765 1.558519
v 0.694090 0.060765 1.589801
v 0.694090 0.060765 1.621083
v 0.694090 0.060765 1.652366
v 0.694090 0.060765 1.683648
v 0.694090 0.060765 1.714930
v 0.694090 0.060765 1.746212
v 0.694090 0.060765 1.777494
v 0.694090 0.060765 1.808776
v 0.694090 0.060765 1.840058
v 0.793245 0.060765 1.089288
v 0.793245 0.060765 1.120570
v 0.793245 0.060765 1.151852
v 0.793245 0.060765 1.183134
v 0.793245 0.060765 1.214417
v 0.793245 0.060765 1.245699
v 0.793245 0.060765 1.276981
v 0.793245 0.060765 1.308263
v 0.793245 0.060765 1.339545
v 0.793245 0.060765 1.370827
v 0.793245 0.060765 1.402109
v 0.793245 0.060765 1.433391
v 0.793245 0.060765 1.464673
v 0.793245 0.060765 1.495955
v 0.793245 0.060765 1.527237
v 0.793245 0.060765 1.558519
v 0.793245 0.060765 1.589801
v 0.793245 0.060765 1.621083
v 0.793245 0.060765 1.652366
v 0.793245 0.060765 1.683648
v 0.793245 0.060765 1.714930
v 0.793245 0.060765 1.746212
v 0.793245 0.060765 1.777494
v 0.793245 0.060765 1.808776
v 0.793245 0.060765 1.840058
v 0.892401 0.060765 1.089288
v 0.892401 0.060765 1.120570
v 0.892401 0.060765 1.151852
v 0.892401 0.060765 1.183134
v 0.892401 0.060765 1.214417
v 0.892401 0.060765 1.245699
v 0.892401 0.060765 1.276981
v 0.892401 0.060765 1.308263
v 0.892401 0.060765 1.339545
v 0.892401 0.060765 1.370827
v 0.892401 0.060765 1.402109
v 0.892401 0.060765 1.433391
v 0.892401 0.060765 1.464673
v 0.892401 0.060765 1.495955
v 0.892401 0.060765 1.527237
v 0.892401 0.060765 1.558519
v 0.892401 0.060765 1.589801
v 0.892401 0.060765 1.621083
v 0.892401 0.060765 1.652366
v 0.892401 0.060765 1.683648
v 0.892401 0.060765 1.714930
v 0.892401 0.060765 1.746212
v 0.892401 0.060765 1.777494
v 0.892401 0.060765 1.808776
v 0.892401 0.060765 1.840058
v 0.991557 0.060765 1.089288
v 0.991557 0.060765 1.120570
v 0.991557 0.060765 1.151852
v 0.991557 0.060765 1.183134
v 0.991557 0.060765 1.214417
v 0.991557 0.060765 1.245699
v 0.991557 0.060765 1.276981
v 0.991557 0.060765 1.308263
v 0.991557 0.060765 1.339545
v 0.991557 0.060765 1.370827
v 0.991557 0.060765 1.402109
v 0.991557 0.060765 1.433391
v 0.991557 0.060765 1.464673
v 0.991557 0.060765 1.495955
v 0.991557 0.060765 1.527237
v 0.991557 0.060765 1.558519
v 0.991557 0.060765 1.589801
v 0.991557 0.060765 1.621083
v 0.991557 0.060765 1.652366
v 0.991557 0.060765 1.683648
v 0.991557 0.060765 1.714930
v 0.991557 0.060765 1.746212
v 0.991557 0.060765 1.777494
v 0.991557 0.060765 1.808776
v 0.991556 0.060765 1.840058
v 1.090712 0.060765 1.089288
v 1.090712 0.060765 1.120570
v 1.090712 0.060765 1.151852
v 1.090712 0.060765 1.183134
v 1.090712 0.060765 1.214417
v 1.090712 0.060765 1.245699
v 1.090712 0.060765 1.276981
v 1.090712 0.060765 1.308263
v 1.090712 0.060765 1.339545
v 1.090712 0.060765 1.370827
v 1.090712 0.060765 1.402109
v 1.090712 0.060765 1.433391
v 1.090712 0.060765 1.464673
v 1.090712 0.060765 1.495955
v 1.090712 0.060765 1.527237
v 1.090712 0.060765 1.558519
v 1.090712 0.060765 1.589801
v 1.090712 0.060765 1.621083
v 1.090712 0.060765 1.652366
v 1.090712 0.060765 1.683648
v 1.090712 0.060765 1.714930
v 1.090712 0.060765 1.746212
v 1.090712 0.060765 1.777494
v 1.090712 0.060765 1.808776
v 1.090712 0.060765 1.840058
v 1.189868 0.060765 1.089288
v 1.189868 0.060765 1.120570
v 1.189868 0.060765 1.151852
v 1.189868 0.060765 1.183134
v 1.189868 0.060765 1.214417
v 1.189868 0.060765 1.245699
v 1.189868 0.060765 1.276981
v 1.189868 0.060765 1.308263
v 1.189868 0.060765 1.339545
v 1.189868 0.060765 1.370827
v 1.189868 0.060765 1.402109
v 1.189868 0.060765 1.433391
v 1.189868 0.060765 1.464673
v 1.189868 0.060765 1.495955
v 1.189868 0.060765 1.527237
v 1.189868 0.060765 1.558519
v 1.189868 0.060765 1.589801
v 1.189868 0.060765 1.621083
v 1.189868 0.060765 1.652366
v 1.189868 0.060765 1.683648
v 1.189868 0.060765 1.714930
v 1.189868 0.060765 1.746212
v 1.189868 0.060765 1.777494
v 1.189868 0.060765 1.808776
v 1.189868 0.060765 1.840058
vn -1.0000 -0.0000 -0.0000
vn -0.0000 -0.0000 -1.0000
vn 1.0000 -0.0000 -0.0000
vn -0.0000 -0.0000 1.0000
vn -0.0000 1.0000 -0.0000
vn -0.0000 -1.0000 -0.0000
vt 0.375000 0.240385
vt 0.625000 0.240385
vt 0.625000 0.250000
vt 0.375000 0.250000
vt 0.375000 0.490385
vt 0.625000 0.490385
vt 0.625000 0.500000
vt 0.375000 0.500000
vt 0.375000 0.740385
vt 0.625000 0.740385
vt 0.625000 0.750000
vt 0.375000 0.750000
vt 0.375000 0.990385
vt 0.625000 0.990385
vt 0.625000 1.000000
vt 0.375000 1.000000
vt 0.375000 0.749260
vt 0.375000 0.759615
vt 0.865385 0.740385
vt 0.875000 0.740385
vt 0.875000 0.750000
vt 0.865385 0.750000
vt 0.634615 0.740385
vt 0.634615 0.750000
vt 0.644231 0.740385
vt 0.644231 0.750000
vt 0.653846 0.740385
vt 0.653846 0.750000
vt 0.663462 0.740385
vt 0.663462 0.750000
vt 0.673077 0.740385
vt 0.673077 0.750000
vt 0.682692 0.740385
vt 0.682692 0.750000
vt 0.692308 0.740385
vt 0.692308 0.750000
vt 0.701923 0.740385
vt 0.701923 0.750000
vt 0.711539 0.740385
vt 0.711539 0.750000
vt 0.721154 0.740385
vt 0.721154 0.750000
vt 0.730769 0.740385
vt 0.730769 0.750000
vt 0.740385 0.740385
vt 0.740385 0.750000
vt 0.750000 0.740385
vt 0.750000 0.750000
vt 0.759615 0.740385
vt 0.759615 0.750000
vt 0.769231 0.740385
vt 0.769231 0.750000
vt 0.778846 0.740385
vt 0.778846 0.750000
vt 0.788462 0.740385
vt 0.788462 0.750000
vt 0.798077 0.740385
vt 0.798077 0.750000
vt 0.807692 0.740385
vt 0.807692 0.750000
vt 0.817308 0.740385
vt 0.817308 0.750000
vt 0.826923 0.740385
vt 0.826923 0.750000
vt 0.836539 0.740385
vt 0.836539 0.750000
vt 0.846154 0.740385
vt 0.846154 0.750000
vt 0.855769 0.740385
vt 0.855769 0.750000
vt 0.375000 0.971154
vt 0.375000 0.962278
vt 0.375000 0.953402
vt 0.375000 0.980769
vt 0.375000 0.944526
vt 0.375000 0.971154
vt 0.375000 0.935651
vt 0.375000 0.961538
vt 0.375000 0.926775
vt 0.375000 0.951923
vt 0.375000 0.917899
vt 0.375000 0.942308
vt 0.375000 0.909024
vt 0.375000 0.932692
vt 0.375000 0.900148
vt 0.375000 0.923077
vt 0.375000 0.891272
vt 0.375000 0.913462
vt 0.375000 0.882397
vt 0.375000 0.903846
vt 0.375000 0.873521
vt 0.375000 0.894231
vt 0.375000 0.864645
vt 0.375000 0.884615
vt 0.375000 0.855769
vt 0.375000 0.875000
vt 0.375000 0.846893
vt 0.375000 0.865385
vt 0.375000 0.838018
vt 0.375000 0.829142
vt 0.375000 0.846154
vt 0.375000 0.820266
vt 0.375000 0.836538
vt 0.375000 0.811391
vt 0.375000 0.826923
vt 0.375000 0.802515
vt 0.375000 0.817308
vt 0.375000 0.793639
vt 0.375000 0.807692
vt 0.375000 0.784763
vt 0.375000 0.798077
vt 0.375000 0.775888
vt 0.375000 0.788462
vt 0.375000 0.767012
vt 0.375000 0.778846
vt 0.375000 0.758136
vt 0.375000 0.769231
vt 0.625000 0.759615
vt 0.625000 0.769231
vt 0.625000 0.778846
vt 0.625000 0.788462
vt 0.625000 0.798077
vt 0.625000 0.807692
vt 0.625000 0.817308
vt 0.625000 0.826923
vt 0.625000 0.836538
vt 0.625000 0.846154
vt 0.625000 0.855769
vt 0.625000 0.865385
vt 0.625000 0.875000
vt 0.625000 0.884615
vt 0.625000 0.894231
vt 0.625000 0.903846
vt 0.625000 0.913461
vt 0.625000 0.923077
vt 0.625000 0.932692
vt 0.625000 0.942308
vt 0.625000 0.951923
vt 0.625000 0.961538
vt 0.625000 0.971154
vt 0.625000 0.980769
vt 0.625000 0.259615
vt 0.375000 0.259615
vt 0.625000 0.269231
vt 0.375000 0.269231
vt 0.625000 0.278846
vt 0.375000 0.278846
vt 0.625000 0.288462
vt 0.375000 0.288462
vt 0.625000 0.298077
vt 0.375000 0.298077
vt 0.625000 0.307692
vt 0.375000 0.307692
vt 0.625000 0.317308
vt 0.375000 0.317308
vt 0.625000 0.326923
vt 0.375000 0.326923
vt 0.625000 0.336539
vt 0.375000 0.336539
vt 0.625000 0.346154
vt 0.375000 0.346154
vt 0.625000 0.355769
vt 0.375000 0.355769
vt 0.625000 0.365385
vt 0.375000 0.365385
vt 0.625000 0.375000
vt 0.375000 0.375000
vt 0.625000 0.384615
vt 0.375000 0.384615
vt 0.625000 0.394231
vt 0.375000 0.394231
vt 0.625000 0.403846
vt 0.375000 0.403846
vt 0.625000 0.413462
vt 0.375000 0.413462
vt 0.625000 0.423077
vt 0.375000 0.423077
vt 0.625000 0.432692
vt 0.375000 0.432692
vt 0.625000 0.442308
vt 0.375000 0.442308
vt 0.625000 0.451923
vt 0.375000 0.451923
vt 0.625000 0.461538
vt 0.375000 0.461538
vt 0.625000 0.471154
vt 0.375000 0.471154
vt 0.625000 0.480769
vt 0.375000 0.480769
vt 0.375000 0.500740
vt 0.375000 0.491864
vt 0.375000 0.511095
vt 0.375000 0.502959
vt 0.375000 0.521450
vt 0.375000 0.514053
vt 0.375000 0.531805
vt 0.375000 0.525148
vt 0.375000 0.542160
vt 0.375000 0.536243
vt 0.375000 0.552515
vt 0.375000 0.547337
vt 0.375000 0.562870
vt 0.375000 0.558432
vt 0.375000 0.573225
vt 0.375000 0.569527
vt 0.375000 0.583580
vt 0.375000 0.580621
vt 0.375000 0.593935
vt 0.375000 0.591716
vt 0.375000 0.604290
vt 0.375000 0.602811
vt 0.375000 0.614645
vt 0.375000 0.613905
vt 0.375000 0.625000
vt 0.375000 0.625000
vt 0.375000 0.635355
vt 0.375000 0.636095
vt 0.375000 0.645710
vt 0.375000 0.647189
vt 0.375000 0.656065
vt 0.375000 0.658284
vt 0.375000 0.666420
vt 0.375000 0.669379
vt 0.375000 0.676775
vt 0.375000 0.680473
vt 0.375000 0.687130
vt 0.375000 0.691568
vt 0.375000 0.697485
vt 0.375000 0.702663
vt 0.375000 0.707840
vt 0.375000 0.713757
vt 0.375000 0.718195
vt 0.375000 0.724852
vt 0.375000 0.728550
vt 0.375000 0.735947
vt 0.375000 0.738905
vt 0.375000 0.747041
vt 0.375000 0.482988
vt 0.375000 0.494822
vt 0.375000 0.506657
vt 0.375000 0.518491
vt 0.375000 0.530325
vt 0.375000 0.542160
vt 0.375000 0.553994
vt 0.375000 0.565828
vt 0.375000 0.577663
vt 0.375000 0.589497
vt 0.375000 0.601331
vt 0.375000 0.613166
vt 0.375000 0.625000
vt 0.375000 0.636834
vt 0.375000 0.648669
vt 0.375000 0.660503
vt 0.375000 0.672337
vt 0.375000 0.684172
vt 0.375000 0.696006
vt 0.375000 0.707840
vt 0.375000 0.719675
vt 0.375000 0.731509
vt 0.375000 0.743343
vt 0.375000 0.755178
vt 0.375000 0.474112
vt 0.375000 0.486686
vt 0.375000 0.499260
vt 0.375000 0.511834
vt 0.375000 0.524408
vt 0.375000 0.536982
vt 0.375000 0.549556
vt 0.375000 0.562130
vt 0.375000 0.574704
vt 0.375000 0.587278
vt 0.375000 0.599852
vt 0.375000 0.612426
vt 0.375000 0.625000
vt 0.375000 0.637574
vt 0.375000 0.650148
vt 0.375000 0.662722
vt 0.375000 0.675296
vt 0.375000 0.687870
vt 0.375000 0.700444
vt 0.375000 0.713018
vt 0.375000 0.725592
vt 0.375000 0.738166
vt 0.375000 0.750740
vt 0.375000 0.763314
vt 0.375000 0.465237
vt 0.375000 0.478550
vt 0.375000 0.491864
vt 0.375000 0.505177
vt 0.375000 0.531805
vt 0.375000 0.545118
vt 0.375000 0.558432
vt 0.375000 0.571746
vt 0.375000 0.585059
vt 0.375000 0.598373
vt 0.375000 0.611686
vt 0.375000 0.625000
vt 0.375000 0.638314
vt 0.375000 0.651627
vt 0.375000 0.664941
vt 0.375000 0.678254
vt 0.375000 0.691568
vt 0.375000 0.704882
vt 0.375000 0.718195
vt 0.375000 0.731509
vt 0.375000 0.744822
vt 0.375000 0.758136
vt 0.375000 0.771450
vt 0.375000 0.456361
vt 0.375000 0.470414
vt 0.375000 0.484467
vt 0.375000 0.498521
vt 0.375000 0.512574
vt 0.375000 0.526627
vt 0.375000 0.540680
vt 0.375000 0.554734
vt 0.375000 0.568787
vt 0.375000 0.582840
vt 0.375000 0.596893
vt 0.375000 0.610947
vt 0.375000 0.625000
vt 0.375000 0.639053
vt 0.375000 0.653107
vt 0.375000 0.667160
vt 0.375000 0.681213
vt 0.375000 0.695266
vt 0.375000 0.709320
vt 0.375000 0.723373
vt 0.375000 0.737426
vt 0.375000 0.751479
vt 0.375000 0.765533
vt 0.375000 0.779586
vt 0.375000 0.447485
vt 0.375000 0.462278
vt 0.375000 0.477071
vt 0.375000 0.536243
vt 0.375000 0.551035
vt 0.375000 0.565828
vt 0.375000 0.580621
vt 0.375000 0.595414
vt 0.375000 0.610207
vt 0.375000 0.625000
vt 0.375000 0.639793
vt 0.375000 0.654586
vt 0.375000 0.669379
vt 0.375000 0.684172
vt 0.375000 0.698964
vt 0.375000 0.713757
vt 0.375000 0.728550
vt 0.375000 0.743343
vt 0.375000 0.772929
vt 0.375000 0.787722
vt 0.375000 0.438609
vt 0.375000 0.454142
vt 0.375000 0.469675
vt 0.375000 0.485207
vt 0.375000 0.500740
vt 0.375000 0.516272
vt 0.375000 0.531805
vt 0.375000 0.547337
vt 0.375000 0.562870
vt 0.375000 0.578402
vt 0.375000 0.593935
vt 0.375000 0.609467
vt 0.375000 0.625000
vt 0.375000 0.640532
vt 0.375000 0.671598
vt 0.375000 0.687130
vt 0.375000 0.702663
vt 0.375000 0.718195
vt 0.375000 0.733728
vt 0.375000 0.749260
vt 0.375000 0.764793
vt 0.375000 0.780325
vt 0.375000 0.795858
vt 0.375000 0.429734
vt 0.375000 0.446006
vt 0.375000 0.462278
vt 0.375000 0.478550
vt 0.375000 0.494822
vt 0.375000 0.511095
vt 0.375000 0.527367
vt 0.375000 0.543639
vt 0.375000 0.559911
vt 0.375000 0.576183
vt 0.375000 0.592456
vt 0.375000 0.608728
vt 0.375000 0.625000
vt 0.375000 0.641272
vt 0.375000 0.657544
vt 0.375000 0.673817
vt 0.375000 0.690089
vt 0.375000 0.706361
vt 0.375000 0.722633
vt 0.375000 0.738905
vt 0.375000 0.755177
vt 0.375000 0.771450
vt 0.375000 0.787722
vt 0.375000 0.803994
vt 0.375000 0.420858
vt 0.375000 0.437870
vt 0.375000 0.454882
vt 0.375000 0.471894
vt 0.375000 0.488905
vt 0.375000 0.505917
vt 0.375000 0.522929
vt 0.375000 0.539941
vt 0.375000 0.556953
vt 0.375000 0.573964
vt 0.375000 0.590976
vt 0.375000 0.607988
vt 0.375000 0.642012
vt 0.375000 0.659024
vt 0.375000 0.676036
vt 0.375000 0.693047
vt 0.375000 0.710059
vt 0.375000 0.727071
vt 0.375000 0.744083
vt 0.375000 0.761095
vt 0.375000 0.778106
vt 0.375000 0.795118
vt 0.375000 0.812130
vt 0.375000 0.411982
vt 0.375000 0.429734
vt 0.375000 0.500740
vt 0.375000 0.518491
vt 0.375000 0.553994
vt 0.375000 0.571746
vt 0.375000 0.589497
vt 0.375000 0.607248
vt 0.375000 0.642751
vt 0.375000 0.660503
vt 0.375000 0.678254
vt 0.375000 0.696006
vt 0.375000 0.713758
vt 0.375000 0.731509
vt 0.375000 0.749260
vt 0.375000 0.767012
vt 0.375000 0.784763
vt 0.375000 0.802515
vt 0.375000 0.820266
vt 0.375000 0.403107
vt 0.375000 0.421598
vt 0.375000 0.440089
vt 0.375000 0.458580
vt 0.375000 0.477071
vt 0.375000 0.495562
vt 0.375000 0.514053
vt 0.375000 0.532544
vt 0.375000 0.551036
vt 0.375000 0.569527
vt 0.375000 0.588018
vt 0.375000 0.606509
vt 0.375000 0.625000
vt 0.375000 0.643491
vt 0.375000 0.661982
vt 0.375000 0.680473
vt 0.375000 0.698964
vt 0.375000 0.717456
vt 0.375000 0.735947
vt 0.375000 0.754438
vt 0.375000 0.791420
vt 0.375000 0.809911
vt 0.375000 0.828402
vt 0.375000 0.394231
vt 0.375000 0.413462
vt 0.375000 0.432692
vt 0.375000 0.451923
vt 0.375000 0.471154
vt 0.375000 0.490385
vt 0.375000 0.509615
vt 0.375000 0.528846
vt 0.375000 0.548077
vt 0.375000 0.567308
vt 0.375000 0.586539
vt 0.375000 0.605769
vt 0.375000 0.644231
vt 0.375000 0.663462
vt 0.375000 0.682692
vt 0.375000 0.701923
vt 0.375000 0.721154
vt 0.375000 0.740385
vt 0.375000 0.759615
vt 0.375000 0.778846
vt 0.375000 0.798077
vt 0.375000 0.817308
vt 0.375000 0.836538
vt 0.375000 0.385355
vt 0.375000 0.405325
vt 0.375000 0.425296
vt 0.375000 0.445266
vt 0.375000 0.465237
vt 0.375000 0.485207
vt 0.375000 0.505178
vt 0.375000 0.525148
vt 0.375000 0.545118
vt 0.375000 0.565089
vt 0.375000 0.585059
vt 0.375000 0.605030
vt 0.375000 0.644970
vt 0.375000 0.664941
vt 0.375000 0.684911
vt 0.375000 0.704882
vt 0.375000 0.724852
vt 0.375000 0.744823
vt 0.375000 0.764793
vt 0.375000 0.784763
vt 0.375000 0.804734
vt 0.375000 0.824704
vt 0.375000 0.844674
vt 0.375000 0.376479
vt 0.375000 0.397189
vt 0.375000 0.417899
vt 0.375000 0.438610
vt 0.375000 0.459320
vt 0.375000 0.480030
vt 0.375000 0.500740
vt 0.375000 0.521450
vt 0.375000 0.542160
vt 0.375000 0.562870
vt 0.375000 0.583580
vt 0.375000 0.604290
vt 0.375000 0.645710
vt 0.375000 0.666420
vt 0.375000 0.687130
vt 0.375000 0.707840
vt 0.375000 0.728550
vt 0.375000 0.749260
vt 0.375000 0.769970
vt 0.375000 0.790680
vt 0.375000 0.811391
vt 0.375000 0.832101
vt 0.375000 0.852811
vt 0.375000 0.367604
vt 0.375000 0.389053
vt 0.375000 0.410503
vt 0.375000 0.431953
vt 0.375000 0.453402
vt 0.375000 0.474852
vt 0.375000 0.496302
vt 0.375000 0.517752
vt 0.375000 0.539201
vt 0.375000 0.560651
vt 0.375000 0.582101
vt 0.375000 0.603550
vt 0.375000 0.646450
vt 0.375000 0.667899
vt 0.375000 0.689349
vt 0.375000 0.710799
vt 0.375000 0.732249
vt 0.375000 0.753698
vt 0.375000 0.775148
vt 0.375000 0.796598
vt 0.375000 0.818047
vt 0.375000 0.839497
vt 0.375000 0.860947
vt 0.375000 0.358728
vt 0.375000 0.380917
vt 0.375000 0.403107
vt 0.375000 0.425296
vt 0.375000 0.447485
vt 0.375000 0.469675
vt 0.375000 0.491864
vt 0.375000 0.514053
vt 0.375000 0.536243
vt 0.375000 0.558432
vt 0.375000 0.580621
vt 0.375000 0.602811
vt 0.375000 0.625000
vt 0.375000 0.647189
vt 0.375000 0.669379
vt 0.375000 0.691568
vt 0.375000 0.713757
vt 0.375000 0.735947
vt 0.375000 0.758136
vt 0.375000 0.780326
vt 0.375000 0.802515
vt 0.375000 0.824704
vt 0.375000 0.846894
vt 0.375000 0.869083
vt 0.375000 0.349852
vt 0.375000 0.372781
vt 0.375000 0.395710
vt 0.375000 0.418639
vt 0.375000 0.441568
vt 0.375000 0.464497
vt 0.375000 0.487426
vt 0.375000 0.510355
vt 0.375000 0.533284
vt 0.375000 0.556213
vt 0.375000 0.579142
vt 0.375000 0.602071
vt 0.375000 0.647929
vt 0.375000 0.670858
vt 0.375000 0.693787
vt 0.375000 0.716716
vt 0.375000 0.739645
vt 0.375000 0.762574
vt 0.375000 0.785503
vt 0.375000 0.808432
vt 0.375000 0.831361
vt 0.375000 0.854290
vt 0.375000 0.877219
vt 0.375000 0.340976
vt 0.375000 0.364645
vt 0.375000 0.388314
vt 0.375000 0.411982
vt 0.375000 0.435651
vt 0.375000 0.459320
vt 0.375000 0.482988
vt 0.375000 0.506657
vt 0.375000 0.530325
vt 0.375000 0.553994
vt 0.375000 0.577663
vt 0.375000 0.601331
vt 0.375000 0.625000
vt 0.375000 0.648669
vt 0.375000 0.672337
vt 0.375000 0.696006
vt 0.375000 0.719675
vt 0.375000 0.743343
vt 0.375000 0.767012
vt 0.375000 0.790680
vt 0.375000 0.814349
vt 0.375000 0.838018
vt 0.375000 0.861686
vt 0.375000 0.885355
vt 0.375000 0.332101
vt 0.375000 0.356509
vt 0.375000 0.380917
vt 0.375000 0.405326
vt 0.375000 0.429734
vt 0.375000 0.454142
vt 0.375000 0.478550
vt 0.375000 0.502959
vt 0.375000 0.527367
vt 0.375000 0.551775
vt 0.375000 0.576183
vt 0.375000 0.600592
vt 0.375000 0.625000
vt 0.375000 0.649408
vt 0.375000 0.673817
vt 0.375000 0.698225
vt 0.375000 0.722633
vt 0.375000 0.747041
vt 0.375000 0.771450
vt 0.375000 0.795858
vt 0.375000 0.820266
vt 0.375000 0.844675
vt 0.375000 0.893491
vt 0.375000 0.323225
vt 0.375000 0.348373
vt 0.375000 0.373521
vt 0.375000 0.398669
vt 0.375000 0.423817
vt 0.375000 0.448964
vt 0.375000 0.474112
vt 0.375000 0.499260
vt 0.375000 0.524408
vt 0.375000 0.549556
vt 0.375000 0.574704
vt 0.375000 0.599852
vt 0.375000 0.650148
vt 0.375000 0.675296
vt 0.375000 0.700444
vt 0.375000 0.725592
vt 0.375000 0.750740
vt 0.375000 0.775887
vt 0.375000 0.801035
vt 0.375000 0.826183
vt 0.375000 0.851331
vt 0.375000 0.876479
vt 0.375000 0.901627
vt 0.375000 0.314349
vt 0.375000 0.340237
vt 0.375000 0.366124
vt 0.375000 0.392012
vt 0.375000 0.417899
vt 0.375000 0.443787
vt 0.375000 0.469675
vt 0.375000 0.495562
vt 0.375000 0.521450
vt 0.375000 0.573225
vt 0.375000 0.599112
vt 0.375000 0.650888
vt 0.375000 0.728550
vt 0.375000 0.780325
vt 0.375000 0.806213
vt 0.375000 0.832101
vt 0.375000 0.857988
vt 0.375000 0.883876
vt 0.375000 0.909763
vt 0.375000 0.305473
vt 0.375000 0.332101
vt 0.375000 0.358728
vt 0.375000 0.385355
vt 0.375000 0.411982
vt 0.375000 0.438609
vt 0.375000 0.465237
vt 0.375000 0.598373
vt 0.375000 0.651627
vt 0.375000 0.678254
vt 0.375000 0.704881
vt 0.375000 0.731509
vt 0.375000 0.758136
vt 0.375000 0.784763
vt 0.375000 0.811390
vt 0.375000 0.864645
vt 0.375000 0.891272
vt 0.375000 0.917899
vt 0.375000 0.296598
vt 0.375000 0.323965
vt 0.375000 0.351331
vt 0.375000 0.378698
vt 0.375000 0.406065
vt 0.375000 0.433432
vt 0.375000 0.460799
vt 0.375000 0.488166
vt 0.375000 0.515533
vt 0.375000 0.542899
vt 0.375000 0.570266
vt 0.375000 0.597633
vt 0.375000 0.652367
vt 0.375000 0.679734
vt 0.375000 0.707101
vt 0.375000 0.734468
vt 0.375000 0.761834
vt 0.375000 0.789201
vt 0.375000 0.816568
vt 0.375000 0.843935
vt 0.375000 0.871302
vt 0.375000 0.898669
vt 0.375000 0.926036
vt 0.375000 0.287722
vt 0.375000 0.315828
vt 0.375000 0.343935
vt 0.375000 0.372041
vt 0.375000 0.400148
vt 0.375000 0.428254
vt 0.375000 0.456361
vt 0.375000 0.484467
vt 0.375000 0.512574
vt 0.375000 0.540680
vt 0.375000 0.568787
vt 0.375000 0.596894
vt 0.375000 0.653107
vt 0.375000 0.681213
vt 0.375000 0.709320
vt 0.375000 0.737426
vt 0.375000 0.765533
vt 0.375000 0.793639
vt 0.375000 0.821746
vt 0.375000 0.849852
vt 0.375000 0.877959
vt 0.375000 0.906065
vt 0.375000 0.934172
vt 0.375000 0.278846
vt 0.375000 0.307692
vt 0.375000 0.336538
vt 0.375000 0.365385
vt 0.375000 0.394231
vt 0.375000 0.423077
vt 0.375000 0.451923
vt 0.375000 0.509615
vt 0.375000 0.538462
vt 0.375000 0.567308
vt 0.375000 0.596154
vt 0.375000 0.653846
vt 0.375000 0.682692
vt 0.375000 0.711538
vt 0.375000 0.740385
vt 0.375000 0.769231
vt 0.375000 0.798077
vt 0.375000 0.826923
vt 0.375000 0.855769
vt 0.375000 0.884615
vt 0.375000 0.913461
vt 0.855769 0.500000
vt 0.865385 0.500000
vt 0.865384 0.509615
vt 0.855769 0.509615
vt 0.865385 0.519231
vt 0.855769 0.519231
vt 0.865384 0.528846
vt 0.855769 0.528846
vt 0.865385 0.538461
vt 0.855769 0.538461
vt 0.865384 0.548077
vt 0.855769 0.548077
vt 0.865385 0.557692
vt 0.855769 0.557692
vt 0.865384 0.567308
vt 0.855769 0.567308
vt 0.865385 0.576923
vt 0.855769 0.576923
vt 0.865385 0.586538
vt 0.855769 0.586538
vt 0.865385 0.596154
vt 0.855769 0.596154
vt 0.865385 0.605769
vt 0.855769 0.605769
vt 0.865385 0.615385
vt 0.855769 0.615385
vt 0.865384 0.625000
vt 0.855769 0.625000
vt 0.865385 0.634615
vt 0.855769 0.634615
vt 0.865385 0.644231
vt 0.855769 0.644231
vt 0.865385 0.653846
vt 0.855769 0.653846
vt 0.865385 0.663461
vt 0.855769 0.663462
vt 0.865385 0.673077
vt 0.855769 0.673077
vt 0.865385 0.682692
vt 0.855769 0.682692
vt 0.865385 0.692308
vt 0.855769 0.692308
vt 0.865385 0.701923
vt 0.855769 0.701923
vt 0.865385 0.711538
vt 0.855769 0.711538
vt 0.865385 0.721154
vt 0.855769 0.721154
vt 0.865385 0.730769
vt 0.855769 0.730769
vt 0.846154 0.500000
vt 0.846154 0.509615
vt 0.846154 0.519231
vt 0.846154 0.528846
vt 0.846154 0.538461
vt 0.846154 0.548077
vt 0.846154 0.557692
vt 0.846154 0.567308
vt 0.846154 0.576923
vt 0.846154 0.586538
vt 0.846154 0.596154
vt 0.846154 0.605769
vt 0.846154 0.615385
vt 0.846154 0.625000
vt 0.846154 0.634615
vt 0.846154 0.644231
vt 0.846154 0.653846
vt 0.846154 0.663462
vt 0.846154 0.673077
vt 0.846154 0.682692
vt 0.846154 0.692308
vt 0.846154 0.701923
vt 0.846154 0.711538
vt 0.846154 0.721154
vt 0.846154 0.730769
vt 0.836538 0.500000
vt 0.836538 0.509615
vt 0.836538 0.519231
vt 0.836538 0.528846
vt 0.836538 0.538461
vt 0.836538 0.548077
vt 0.836538 0.557692
vt 0.836538 0.567308
vt 0.836538 0.576923
vt 0.836538 0.586538
vt 0.836538 0.596154
vt 0.836538 0.605769
vt 0.836538 0.615385
vt 0.836538 0.625000
vt 0.836538 0.634615
vt 0.836538 0.644231
vt 0.836538 0.653846
vt 0.836538 0.663462
vt 0.836538 0.673077
vt 0.836539 0.682692
vt 0.836539 0.692308
vt 0.836539 0.701923
vt 0.836539 0.711538
vt 0.836539 0.721154
vt 0.836539 0.730769
vt 0.826923 0.500000
vt 0.826923 0.509615
vt 0.826923 0.519231
vt 0.826923 0.528846
vt 0.826923 0.538461
vt 0.826923 0.548077
vt 0.826923 0.557692
vt 0.826923 0.567308
vt 0.826923 0.576923
vt 0.826923 0.586538
vt 0.826923 0.596154
vt 0.826923 0.605769
vt 0.826923 0.615385
vt 0.826923 0.625000
vt 0.826923 0.634615
vt 0.826923 0.644231
vt 0.826923 0.653846
vt 0.826923 0.663461
vt 0.826923 0.673077
vt 0.826923 0.682692
vt 0.826923 0.692308
vt 0.826923 0.701923
vt 0.826923 0.711538
vt 0.826923 0.721154
vt 0.826923 0.730769
vt 0.817308 0.500000
vt 0.817308 0.509615
vt 0.817308 0.519231
vt 0.817308 0.528846
vt 0.817308 0.538461
vt 0.817308 0.548077
vt 0.817308 0.557692
vt 0.817308 0.567308
vt 0.817308 0.576923
vt 0.817308 0.586538
vt 0.817308 0.596154
vt 0.817308 0.605769
vt 0.817308 0.615385
vt 0.817308 0.625000
vt 0.817308 0.634615
vt 0.817308 0.644231
vt 0.817308 0.653846
vt 0.817308 0.663461
vt 0.817308 0.673077
vt 0.817308 0.682692
vt 0.817308 0.692308
vt 0.817308 0.701923
vt 0.817308 0.711538
vt 0.817308 0.721154
vt 0.817308 0.730769
vt 0.807692 0.500000
vt 0.807692 0.509615
vt 0.807692 0.519231
vt 0.807692 0.528846
vt 0.807692 0.538461
vt 0.807692 0.548077
vt 0.807692 0.557692
vt 0.807692 0.567308
vt 0.807692 0.576923
vt 0.807692 0.586538
vt 0.807692 0.596154
vt 0.807692 0.605769
vt 0.807692 0.615385
vt 0.807692 0.625000
vt 0.807692 0.634615
vt 0.807692 0.644231
vt 0.807692 0.653846
vt 0.807692 0.663461
vt 0.807692 0.673077
vt 0.807692 0.682692
vt 0.807692 0.692308
vt 0.807692 0.701923
vt 0.807692 0.711538
vt 0.807692 0.721154
vt 0.807692 0.730769
vt 0.798077 0.500000
vt 0.798077 0.509615
vt 0.798077 0.519231
vt 0.798077 0.528846
vt 0.798077 0.538461
vt 0.798077 0.548077
vt 0.798077 0.557692
vt 0.798077 0.567308
vt 0.798077 0.576923
vt 0.798077 0.586538
vt 0.798077 0.596154
vt 0.798077 0.605769
vt 0.798077 0.615385
vt 0.798077 0.625000
vt 0.798077 0.634615
vt 0.798077 0.644231
vt 0.798077 0.653846
vt 0.798077 0.663461
vt 0.798077 0.673077
vt 0.798077 0.682692
vt 0.798077 0.692308
vt 0.798077 0.701923
vt 0.798077 0.711538
vt 0.798077 0.721154
vt 0.798077 0.730769
vt 0.788461 0.500000
vt 0.788461 0.509615
vt 0.788461 0.519231
vt 0.788461 0.528846
vt 0.788462 0.538461
vt 0.788461 0.548077
vt 0.788461 0.557692
vt 0.788461 0.567308
vt 0.788462 0.576923
vt 0.788461 0.586538
vt 0.788461 0.596154
vt 0.788461 0.605769
vt 0.788461 0.615385
vt 0.788461 0.625000
vt 0.788461 0.634615
vt 0.788461 0.644231
vt 0.788461 0.653846
vt 0.788461 0.663461
vt 0.788461 0.673077
vt 0.788461 0.682692
vt 0.788461 0.692308
vt 0.788461 0.701923
vt 0.788462 0.711538
vt 0.788462 0.721154
vt 0.788461 0.730769
vt 0.778846 0.500000
vt 0.778846 0.509615
vt 0.778846 0.519231
vt 0.778846 0.528846
vt 0.778846 0.538461
vt 0.778846 0.548077
vt 0.778846 0.557692
vt 0.778846 0.567308
vt 0.778846 0.576923
vt 0.778846 0.586538
vt 0.778846 0.596154
vt 0.778846 0.605769
vt 0.778846 0.615385
vt 0.778846 0.625000
vt 0.778846 0.634615
vt 0.778846 0.644231
vt 0.778846 0.653846
vt 0.778846 0.663461
vt 0.778846 0.673077
vt 0.778846 0.682692
vt 0.778846 0.692308
vt 0.778846 0.701923
vt 0.778846 0.711538
vt 0.778846 0.721154
vt 0.778846 0.730769
vt 0.769231 0.500000
vt 0.769231 0.509615
vt 0.769231 0.519231
vt 0.769231 0.528846
vt 0.769231 0.538461
vt 0.769231 0.548077
vt 0.769231 0.557692
vt 0.769231 0.567308
vt 0.769231 0.576923
vt 0.769231 0.586538
vt 0.769231 0.596154
vt 0.769231 0.605769
vt 0.769231 0.615385
vt 0.769231 0.625000
vt 0.769231 0.634615
vt 0.769231 0.644231
vt 0.769231 0.653846
vt 0.769231 0.663462
vt 0.769231 0.673077
vt 0.769231 0.682692
vt 0.769231 0.692308
vt 0.769231 0.701923
vt 0.769231 0.711538
vt 0.769231 0.721154
vt 0.769231 0.730769
vt 0.759615 0.500000
vt 0.759615 0.509615
vt 0.759615 0.519231
vt 0.759615 0.528846
vt 0.759615 0.538461
vt 0.759615 0.548077
vt 0.759615 0.557692
vt 0.759615 0.567308
vt 0.759615 0.576923
vt 0.759615 0.586538
vt 0.759615 0.596154
vt 0.759615 0.605769
vt 0.759615 0.615385
vt 0.759615 0.625000
vt 0.759615 0.634615
vt 0.759615 0.644231
vt 0.759615 0.653846
vt 0.759615 0.663462
vt 0.759615 0.673077
vt 0.759615 0.682692
vt 0.759615 0.692308
vt 0.759615 0.701923
vt 0.759615 0.711538
vt 0.759615 0.721154
vt 0.759615 0.730769
vt 0.750000 0.500000
vt 0.750000 0.509615
vt 0.750000 0.519231
vt 0.750000 0.528846
vt 0.750000 0.538461
vt 0.750000 0.548077
vt 0.750000 0.557692
vt 0.750000 0.567308
vt 0.750000 0.576923
vt 0.750000 0.586538
vt 0.750000 0.596154
vt 0.750000 0.605769
vt 0.750000 0.615385
vt 0.750000 0.625000
vt 0.750000 0.634615
vt 0.750000 0.644231
vt 0.750000 0.653846
vt 0.750000 0.663462
vt 0.750000 0.673077
vt 0.750000 0.682692
vt 0.750000 0.692308
vt 0.750000 0.701923
vt 0.750000 0.711538
vt 0.750000 0.721154
vt 0.750000 0.730769
vt 0.740385 0.500000
vt 0.740385 0.509615
vt 0.740385 0.519231
vt 0.740385 0.528846
vt 0.740385 0.538461
vt 0.740385 0.548077
vt 0.740385 0.557692
vt 0.740385 0.567308
vt 0.740385 0.576923
vt 0.740385 0.586538
vt 0.740384 0.596154
vt 0.740385 0.605769
vt 0.740384 0.615385
vt 0.740385 0.625000
vt 0.740384 0.634615
vt 0.740385 0.644231
vt 0.740385 0.653846
vt 0.740385 0.663462
vt 0.740385 0.673077
vt 0.740385 0.682692
vt 0.740385 0.692308
vt 0.740385 0.701923
vt 0.740385 0.711538
vt 0.740385 0.721154
vt 0.740385 0.730769
vt 0.730769 0.500000
vt 0.730769 0.509615
vt 0.730769 0.519231
vt 0.730769 0.528846
vt 0.730769 0.538461
vt 0.730769 0.548077
vt 0.730769 0.557692
vt 0.730769 0.567308
vt 0.730769 0.576923
vt 0.730769 0.586538
vt 0.730769 0.596154
vt 0.730769 0.605769
vt 0.730769 0.615385
vt 0.730769 0.625000
vt 0.730769 0.634615
vt 0.730769 0.644231
vt 0.730769 0.653846
vt 0.730769 0.663462
vt 0.730769 0.673077
vt 0.730769 0.682692
vt 0.730769 0.692308
vt 0.730769 0.701923
vt 0.730769 0.711538
vt 0.730769 0.721154
vt 0.730769 0.730769
vt 0.721154 0.500000
vt 0.721154 0.509615
vt 0.721154 0.519231
vt 0.721154 0.528846
vt 0.721154 0.538461
vt 0.721154 0.548077
vt 0.721154 0.557692
vt 0.721154 0.567308
vt 0.721154 0.576923
vt 0.721154 0.586538
vt 0.721154 0.596154
vt 0.721154 0.605769
vt 0.721154 0.615385
vt 0.721154 0.625000
vt 0.721154 0.634615
vt 0.721154 0.644231
vt 0.721154 0.653846
vt 0.721154 0.663462
vt 0.721154 0.673077
vt 0.721154 0.682692
vt 0.721154 0.692308
vt 0.721154 0.701923
vt 0.721154 0.711538
vt 0.721154 0.721154
vt 0.721154 0.730769
vt 0.711538 0.500000
vt 0.711538 0.509615
vt 0.711538 0.519231
vt 0.711538 0.528846
vt 0.711538 0.538461
vt 0.711538 0.548077
vt 0.711538 0.557692
vt 0.711538 0.567308
vt 0.711538 0.576923
vt 0.711538 0.586538
vt 0.711538 0.596154
vt 0.711538 0.605769
vt 0.711538 0.615385
vt 0.711538 0.625000
vt 0.711538 0.634615
vt 0.711538 0.644231
vt 0.711538 0.653846
vt 0.711538 0.663462
vt 0.711538 0.673077
vt 0.711539 0.682692
vt 0.711539 0.692308
vt 0.711539 0.701923
vt 0.711539 0.711538
vt 0.711539 0.721154
vt 0.711539 0.730769
vt 0.701923 0.500000
vt 0.701923 0.509615
vt 0.701923 0.519231
vt 0.701923 0.528846
vt 0.701923 0.538461
vt 0.701923 0.548077
vt 0.701923 0.557692
vt 0.701923 0.567308
vt 0.701923 0.576923
vt 0.701923 0.586538
vt 0.701923 0.596154
vt 0.701923 0.605769
vt 0.701923 0.615385
vt 0.701923 0.625000
vt 0.701923 0.634615
vt 0.701923 0.644231
vt 0.701923 0.653846
vt 0.701923 0.663462
vt 0.701923 0.673077
vt 0.701923 0.682692
vt 0.701923 0.692308
vt 0.701923 0.701923
vt 0.701923 0.711538
vt 0.701923 0.721154
vt 0.701923 0.730769
vt 0.692308 0.500000
vt 0.692308 0.509615
vt 0.692308 0.519231
vt 0.692308 0.528846
vt 0.692308 0.538461
vt 0.692308 0.548077
vt 0.692308 0.557692
vt 0.692308 0.567308
vt 0.692308 0.576923
vt 0.692308 0.586538
vt 0.692308 0.596154
vt 0.692308 0.605769
vt 0.692308 0.615385
vt 0.692308 0.625000
vt 0.692308 0.634615
vt 0.692308 0.644231
vt 0.692308 0.653846
vt 0.692308 0.663461
vt 0.692308 0.673077
vt 0.692308 0.682692
vt 0.692308 0.692308
vt 0.692308 0.701923
vt 0.692308 0.711538
vt 0.692308 0.721154
vt 0.692308 0.730769
vt 0.682692 0.500000
vt 0.682692 0.509615
vt 0.682692 0.519231
vt 0.682692 0.528846
vt 0.682692 0.538461
vt 0.682692 0.548077
vt 0.682692 0.557692
vt 0.682692 0.567308
vt 0.682692 0.576923
vt 0.682692 0.586538
vt 0.682692 0.596154
vt 0.682692 0.605769
vt 0.682692 0.615385
vt 0.682692 0.625000
vt 0.682692 0.634615
vt 0.682692 0.644231
vt 0.682692 0.653846
vt 0.682692 0.663461
vt 0.682692 0.673077
vt 0.682692 0.682692
vt 0.682692 0.692308
vt 0.682692 0.701923
vt 0.682692 0.711538
vt 0.682692 0.721154
vt 0.682692 0.730769
vt 0.673077 0.500000
vt 0.673077 0.509615
vt 0.673077 0.519231
vt 0.673077 0.528846
vt 0.673077 0.538461
vt 0.673077 0.548077
vt 0.673077 0.557692
vt 0.673077 0.567308
vt 0.673077 0.576923
vt 0.673077 0.586538
vt 0.673077 0.596154
vt 0.673077 0.605769
vt 0.673077 0.615385
vt 0.673077 0.625000
vt 0.673077 0.634615
vt 0.673077 0.644231
vt 0.673077 0.653846
vt 0.673077 0.663461
vt 0.673077 0.673077
vt 0.673077 0.682692
vt 0.673077 0.692308
vt 0.673077 0.701923
vt 0.673077 0.711538
vt 0.673077 0.721154
vt 0.673077 0.730769
vt 0.663462 0.500000
vt 0.663462 0.509615
vt 0.663462 0.519231
vt 0.663462 0.528846
vt 0.663462 0.538461
vt 0.663462 0.548077
vt 0.663462 0.557692
vt 0.663462 0.567308
vt 0.663462 0.576923
vt 0.663462 0.586538
vt 0.663462 0.596154
vt 0.663462 0.605769
vt 0.663462 0.615385
vt 0.663462 0.625000
vt 0.663462 0.634615
vt 0.663462 0.644231
vt 0.663462 0.653846
vt 0.663462 0.663461
vt 0.663462 0.673077
vt 0.663462 0.682692
vt 0.663462 0.692308
vt 0.663462 0.701923
vt 0.663462 0.711538
vt 0.663462 0.721154
vt 0.663462 0.730769
vt 0.653846 0.500000
vt 0.653846 0.509615
vt 0.653846 0.519231
vt 0.653846 0.528846
vt 0.653846 0.538461
vt 0.653846 0.548077
vt 0.653846 0.557692
vt 0.653846 0.567308
vt 0.653846 0.576923
vt 0.653846 0.586538
vt 0.653846 0.596154
vt 0.653846 0.605769
vt 0.653846 0.615385
vt 0.653846 0.625000
vt 0.653846 0.634615
vt 0.653846 0.644231
vt 0.653846 0.653846
vt 0.653846 0.663461
vt 0.653846 0.673077
vt 0.653846 0.682692
vt 0.653846 0.692308
vt 0.653846 0.701923
vt 0.653846 0.711538
vt 0.653846 0.721154
vt 0.653846 0.730769
vt 0.644231 0.500000
vt 0.644231 0.509615
vt 0.644231 0.519231
vt 0.644231 0.528846
vt 0.644231 0.538461
vt 0.644231 0.548077
vt 0.644231 0.557692
vt 0.644231 0.567308
vt 0.644231 0.576923
vt 0.644231 0.586538
vt 0.644231 0.596154
vt 0.644231 0.605769
vt 0.644231 0.615385
vt 0.644231 0.625000
vt 0.644231 0.634615
vt 0.644231 0.644231
vt 0.644231 0.653846
vt 0.644231 0.663461
vt 0.644231 0.673077
vt 0.644231 0.682692
vt 0.644231 0.692308
vt 0.644231 0.701923
vt 0.644231 0.711538
vt 0.644231 0.721154
vt 0.644231 0.730769
vt 0.634615 0.500000
vt 0.634615 0.509615
vt 0.634615 0.519231
vt 0.634615 0.528846
vt 0.634615 0.538461
vt 0.634615 0.548077
vt 0.634615 0.557692
vt 0.634615 0.567308
vt 0.634615 0.576923
vt 0.634615 0.586538
vt 0.634615 0.596154
vt 0.634615 0.605769
vt 0.634615 0.615385
vt 0.634615 0.625000
vt 0.634615 0.634615
vt 0.634615 0.644231
vt 0.634615 0.653846
vt 0.634615 0.663462
vt 0.634615 0.673077
vt 0.634615 0.682692
vt 0.634615 0.692308
vt 0.634615 0.701923
vt 0.634615 0.711538
vt 0.634615 0.721154
vt 0.634615 0.730769
vt 0.625000 0.509615
vt 0.625000 0.519231
vt 0.625000 0.528846
vt 0.625000 0.538461
vt 0.625000 0.548077
vt 0.625000 0.557692
vt 0.625000 0.567308
vt 0.625000 0.576923
vt 0.625000 0.586538
vt 0.625000 0.596154
vt 0.625000 0.605769
vt 0.625000 0.615385
vt 0.625000 0.625000
vt 0.625000 0.634615
vt 0.625000 0.644231
vt 0.625000 0.653846
vt 0.625000 0.663462
vt 0.625000 0.673077
vt 0.625000 0.682692
vt 0.625000 0.692308
vt 0.625000 0.701923
vt 0.625000 0.711538
vt 0.625000 0.721154
vt 0.625000 0.730769
vt 0.875000 0.500000
vt 0.875000 0.509615
vt 0.875000 0.519231
vt 0.875000 0.528846
vt 0.875000 0.538462
vt 0.875000 0.548077
vt 0.875000 0.557692
vt 0.875000 0.567308
vt 0.875000 0.576923
vt 0.875000 0.586538
vt 0.875000 0.596154
vt 0.875000 0.605769
vt 0.875000 0.615385
vt 0.875000 0.625000
vt 0.875000 0.634615
vt 0.875000 0.644231
vt 0.875000 0.653846
vt 0.875000 0.663462
vt 0.875000 0.673077
vt 0.875000 0.682692
vt 0.875000 0.692308
vt 0.875000 0.701923
vt 0.875000 0.711538
vt 0.875000 0.721154
vt 0.875000 0.730769
vt 0.375000 0.519231
vt 0.375000 0.538462
vt 0.375000 0.548077
vt 0.375000 0.557692
vt 0.375000 0.567308
vt 0.375000 0.576923
vt 0.375000 0.586538
vt 0.375000 0.596154
vt 0.375000 0.605769
vt 0.375000 0.615385
vt 0.375000 0.634615
vt 0.375000 0.653846
vt 0.375000 0.663462
vt 0.375000 0.673077
vt 0.375000 0.682692
vt 0.375000 0.692308
vt 0.375000 0.701923
vt 0.375000 0.711538
vt 0.375000 0.721154
vt 0.375000 0.730769
vt 0.375000 0.000000
vt 0.625000 0.000000
vt 0.625000 0.009615
vt 0.375000 0.009615
vt 0.625000 0.019231
vt 0.375000 0.019231
vt 0.625000 0.028846
vt 0.375000 0.028846
vt 0.625000 0.038462
vt 0.375000 0.038462
vt 0.625000 0.048077
vt 0.375000 0.048077
vt 0.625000 0.057692
vt 0.375000 0.057692
vt 0.625000 0.067308
vt 0.375000 0.067308
vt 0.625000 0.076923
vt 0.375000 0.076923
vt 0.625000 0.086538
vt 0.375000 0.086538
vt 0.625000 0.096154
vt 0.375000 0.096154
vt 0.625000 0.105769
vt 0.375000 0.105769
vt 0.625000 0.115385
vt 0.375000 0.115385
vt 0.625000 0.125000
vt 0.375000 0.125000
vt 0.625000 0.134615
vt 0.375000 0.134615
vt 0.625000 0.144231
vt 0.375000 0.144231
vt 0.625000 0.153846
vt 0.375000 0.153846
vt 0.625000 0.163462
vt 0.375000 0.163462
vt 0.625000 0.173077
vt 0.375000 0.173077
vt 0.625000 0.182692
vt 0.375000 0.182692
vt 0.625000 0.192308
vt 0.375000 0.192308
vt 0.625000 0.201923
vt 0.375000 0.201923
vt 0.625000 0.211538
vt 0.375000 0.211538
vt 0.625000 0.221154
vt 0.375000 0.221154
vt 0.625000 0.230769
vt 0.375000 0.230769
s 0
usemtl Material.001
f 165/32/23 59/35/23 60/34/23 214/33/23
f 65/36/24 63/39/24 64/38/24 114/37/24
f 215/40/25 61/43/25 62/42/25 264/41/25
f 115/44/26 57/47/26 58/46/26 164/45/26
f 1514/48/27 139/49/27 61/43/27 215/40/27
f 889/50/28 164/53/28 58/52/28 190/51/28
f 264/41/28 62/42/28 140/55/28 289/54/28
f 289/54/28 140/55/28 141/57/28 314/56/28
f 314/56/28 141/57/28 142/59/28 339/58/28
f 339/58/28 142/59/28 143/61/28 364/60/28
f 364/60/28 143/61/28 144/63/28 389/62/28
f 389/62/28 144/63/28 145/65/28 414/64/28
f 414/64/28 145/65/28 146/67/28 439/66/28
f 439/66/28 146/67/28 147/69/28 464/68/28
f 464/68/28 147/69/28 148/71/28 489/70/28
f 489/70/28 148/71/28 149/73/28 514/72/28
f 514/72/28 149/73/28 150/75/28 539/74/28
f 539/74/28 150/75/28 151/77/28 564/76/28
f 564/76/28 151/77/28 152/79/28 589/78/28
f 589/78/28 152/79/28 153/81/28 614/80/28
f 614/80/28 153/81/28 154/83/28 639/82/28
f 639/82/28 154/83/28 155/85/28 664/84/28
f 664/84/28 155/85/28 156/87/28 689/86/28
f 689/86/28 156/87/28 157/89/28 714/88/28
f 714/88/28 157/89/28 158/91/28 739/90/28
f 739/90/28 158/91/28 159/93/28 764/92/28
f 764/92/28 159/93/28 160/95/28 789/94/28
f 789/94/28 160/95/28 161/97/28 814/96/28
f 814/96/28 161/97/28 162/99/28 839/98/28
f 839/98/28 162/99/28 163/101/28 864/100/28
f 864/100/28 163/101/28 164/53/28 889/50/28
f 189/102/27 57/47/27 115/44/27 914/103/27
f 914/103/27 115/44/27 116/105/27 939/104/27
f 939/104/27 116/105/27 117/107/27 964/106/27
f 964/106/27 117/107/27 118/109/27 989/108/27
f 989/108/27 118/109/27 119/111/27 1014/110/27
f 1014/110/27 119/111/27 120/113/27 1039/112/27
f 1039/112/27 120/113/27 121/115/27 1064/114/27
f 1064/114/27 121/115/27 122/117/27 1089/116/27
f 1089/116/27 122/117/27 123/119/27 1114/118/27
f 1114/118/27 123/119/27 124/121/27 1139/120/27
f 1139/120/27 124/121/27 125/123/27 1164/122/27
f 1164/122/27 125/123/27 126/125/27 1189/124/27
f 1189/124/27 126/125/27 127/127/27 1214/126/27
f 1214/126/27 127/127/27 128/129/27 1239/128/27
f 1239/128/27 128/129/27 129/126/27 1264/130/27
f 1264/130/27 129/126/27 130/132/27 1289/131/27
f 1289/131/27 130/132/27 131/134/27 1314/133/27
f 1314/133/27 131/134/27 132/136/27 1339/135/27
f 1339/135/27 132/136/27 133/138/27 1364/137/27
f 1364/137/27 133/138/27 134/140/27 1389/139/27
f 1389/139/27 134/140/27 135/142/27 1414/141/27
f 1414/141/27 135/142/27 136/144/27 1439/143/27
f 1439/143/27 136/144/27 137/146/27 1464/145/27
f 1464/145/27 137/146/27 138/148/27 1489/147/27
f 1489/147/27 138/148/27 139/49/27 1514/48/27
f 61/43/26 139/49/26 140/149/26 62/42/26
f 139/49/26 138/148/26 141/150/26 140/149/26
f 138/148/26 137/146/26 142/151/26 141/150/26
f 137/146/26 136/144/26 143/152/26 142/151/26
f 136/144/26 135/142/26 144/153/26 143/152/26
f 135/142/26 134/140/26 145/154/26 144/153/26
f 134/140/26 133/138/26 146/155/26 145/154/26
f 133/138/26 132/136/26 147/156/26 146/155/26
f 132/136/26 131/134/26 148/157/26 147/156/26
f 131/134/26 130/132/26 149/158/26 148/157/26
f 130/132/26 129/126/26 150/159/26 149/158/26
f 129/126/26 128/129/26 151/160/26 150/159/26
f 128/129/26 127/127/26 152/161/26 151/160/26
f 127/127/26 126/125/26 153/162/26 152/161/26
f 126/125/26 125/123/26 154/163/26 153/162/26
f 125/123/26 124/121/26 155/164/26 154/163/26
f 124/121/26 123/119/26 156/165/26 155/164/26
f 123/119/26 122/117/26 157/166/26 156/165/26
f 122/117/26 121/115/26 158/167/26 157/166/26
f 121/115/26 120/113/26 159/168/26 158/167/26
f 120/113/26 119/111/26 160/169/26 159/168/26
f 119/111/26 118/109/26 161/170/26 160/169/26
f 118/109/26 117/107/26 162/171/26 161/170/26
f 117/107/26 116/105/26 163/172/26 162/171/26
f 116/105/26 115/44/26 164/45/26 163/172/26
f 59/35/24 89/174/24 90/173/24 60/34/24
f 89/174/24 88/176/24 91/175/24 90/173/24
f 88/176/24 87/178/24 92/177/24 91/175/24
f 87/178/24 86/180/24 93/179/24 92/177/24
f 86/180/24 85/182/24 94/181/24 93/179/24
f 85/182/24 84/184/24 95/183/24 94/181/24
f 84/184/24 83/186/24 96/185/24 95/183/24
f 83/186/24 82/188/24 97/187/24 96/185/24
f 82/188/24 81/190/24 98/189/24 97/187/24
f 81/190/24 80/192/24 99/191/24 98/189/24
f 80/192/24 79/194/24 100/193/24 99/191/24
f 79/194/24 78/196/24 101/195/24 100/193/24
f 78/196/24 77/198/24 102/197/24 101/195/24
f 77/198/24 76/200/24 103/199/24 102/197/24
f 76/200/24 75/202/24 104/201/24 103/199/24
f 75/202/24 74/204/24 105/203/24 104/201/24
f 74/204/24 73/206/24 106/205/24 105/203/24
f 73/206/24 72/208/24 107/207/24 106/205/24
f 72/208/24 71/210/24 108/209/24 107/207/24
f 71/210/24 70/212/24 109/211/24 108/209/24
f 70/212/24 69/214/24 110/213/24 109/211/24
f 69/214/24 68/216/24 111/215/24 110/213/24
f 68/216/24 67/218/24 112/217/24 111/215/24
f 67/218/24 66/220/24 113/219/24 112/217/24
f 66/220/24 65/36/24 114/37/24 113/219/24
f 66/220/27 1465/222/27 1490/221/27 65/36/27
f 1465/222/27 1466/224/27 1491/223/27 1490/221/27
f 1466/224/27 1467/226/27 1492/225/27 1491/223/27
f 1467/226/27 1468/228/27 1493/227/27 1492/225/27
f 1468/228/27 1469/230/27 1494/229/27 1493/227/27
f 1469/230/27 1470/232/27 1495/231/27 1494/229/27
f 1470/232/27 1471/234/27 1496/233/27 1495/231/27
f 1471/234/27 1472/236/27 1497/235/27 1496/233/27
f 1472/236/27 1473/238/27 1498/237/27 1497/235/27
f 1473/238/27 1474/240/27 1499/239/27 1498/237/27
f 1474/240/27 1475/242/27 1500/241/27 1499/239/27
f 1475/242/27 1476/244/27 1501/243/27 1500/241/27
f 1476/244/27 1477/246/27 1502/245/27 1501/243/27
f 1477/246/27 1478/248/27 1503/247/27 1502/245/27
f 1478/248/27 1479/250/27 1504/249/27 1503/247/27
f 1479/250/27 1480/252/27 1505/251/27 1504/249/27
f 1480/252/27 1481/254/27 1506/253/27 1505/251/27
f 1481/254/27 1482/256/27 1507/255/27 1506/253/27
f 1482/256/27 1483/258/27 1508/257/27 1507/255/27
f 1483/258/27 1484/260/27 1509/259/27 1508/257/27
f 1484/260/27 1485/262/27 1510/261/27 1509/259/27
f 1485/262/27 1486/264/27 1511/263/27 1510/261/27
f 1486/264/27 1487/266/27 1512/265/27 1511/263/27
f 1487/266/27 1488/268/27 1513/267/27 1512/265/27
f 1488/268/27 1489/147/27 1514/48/27 1513/267/27
f 67/218/27 1440/269/27 1465/222/27 66/220/27
f 1440/269/27 1441/270/27 1466/224/27 1465/222/27
f 1441/270/27 1442/271/27 1467/226/27 1466/224/27
f 1442/271/27 1443/272/27 1468/228/27 1467/226/27
f 1443/272/27 1444/273/27 1469/230/27 1468/228/27
f 1444/273/27 1445/274/27 1470/232/27 1469/230/27
f 1445/274/27 1446/275/27 1471/234/27 1470/232/27
f 1446/275/27 1447/276/27 1472/236/27 1471/234/27
f 1447/276/27 1448/277/27 1473/238/27 1472/236/27
f 1448/277/27 1449/278/27 1474/240/27 1473/238/27
f 1449/278/27 1450/279/27 1475/242/27 1474/240/27
f 1450/279/27 1451/280/27 1476/244/27 1475/242/27
f 1451/280/27 1452/281/27 1477/246/27 1476/244/27
f 1452/281/27 1453/282/27 1478/248/27 1477/246/27
f 1453/282/27 1454/283/27 1479/250/27 1478/248/27
f 1454/283/27 1455/284/27 1480/252/27 1479/250/27
f 1455/284/27 1456/285/27 1481/254/27 1480/252/27
f 1456/285/27 1457/286/27 1482/256/27 1481/254/27
f 1457/286/27 1458/287/27 1483/258/27 1482/256/27
f 1458/287/27 1459/288/27 1484/260/27 1483/258/27
f 1459/288/27 1460/289/27 1485/262/27 1484/260/27
f 1460/289/27 1461/290/27 1486/264/27 1485/262/27
f 1461/290/27 1462/291/27 1487/266/27 1486/264/27
f 1462/291/27 1463/292/27 1488/268/27 1487/266/27
f 1463/292/27 1464/145/27 1489/147/27 1488/268/27
f 68/216/27 1415/293/27 1440/269/27 67/218/27
f 1415/293/27 1416/294/27 1441/270/27 1440/269/27
f 1416/294/27 1417/295/27 1442/271/27 1441/270/27
f 1417/295/27 1418/296/27 1443/272/27 1442/271/27
f 1418/296/27 1419/297/27 1444/273/27 1443/272/27
f 1419/297/27 1420/298/27 1445/274/27 1444/273/27
f 1420/298/27 1421/299/27 1446/275/27 1445/274/27
f 1421/299/27 1422/300/27 1447/276/27 1446/275/27
f 1422/300/27 1423/301/27 1448/277/27 1447/276/27
f 1423/301/27 1424/302/27 1449/278/27 1448/277/27
f 1424/302/27 1425/303/27 1450/279/27 1449/278/27
f 1425/303/27 1426/304/27 1451/280/27 1450/279/27
f 1426/304/27 1427/305/27 1452/281/27 1451/280/27
f 1427/305/27 1428/306/27 1453/282/27 1452/281/27
f 1428/306/27 1429/307/27 1454/283/27 1453/282/27
f 1429/307/27 1430/308/27 1455/284/27 1454/283/27
f 1430/308/27 1431/309/27 1456/285/27 1455/284/27
f 1431/309/27 1432/310/27 1457/286/27 1456/285/27
f 1432/310/27 1433/311/27 1458/287/27 1457/286/27
f 1433/311/27 1434/312/27 1459/288/27 1458/287/27
f 1434/312/27 1435/313/27 1460/289/27 1459/288/27
f 1435/313/27 1436/314/27 1461/290/27 1460/289/27
f 1436/314/27 1437/315/27 1462/291/27 1461/290/27
f 1437/315/27 1438/316/27 1463/292/27 1462/291/27
f 1438/316/27 1439/143/27 1464/145/27 1463/292/27
f 69/214/27 1390/317/27 1415/293/27 68/216/27
f 1390/317/27 1391/318/27 1416/294/27 1415/293/27
f 1391/318/27 1392/319/27 1417/295/27 1416/294/27
f 1392/319/27 1393/320/27 1418/296/27 1417/295/27
f 1393/320/27 1394/272/27 1419/297/27 1418/296/27
f 1394/272/27 1395/321/27 1420/298/27 1419/297/27
f 1395/321/27 1396/322/27 1421/299/27 1420/298/27
f 1396/322/27 1397/323/27 1422/300/27 1421/299/27
f 1397/323/27 1398/324/27 1423/301/27 1422/300/27
f 1398/324/27 1399/325/27 1424/302/27 1423/301/27
f 1399/325/27 1400/326/27 1425/303/27 1424/302/27
f 1400/326/27 1401/327/27 1426/304/27 1425/303/27
f 1401/327/27 1402/328/27 1427/305/27 1426/304/27
f 1402/328/27 1403/329/27 1428/306/27 1427/305/27
f 1403/329/27 1404/330/27 1429/307/27 1428/306/27
f 1404/330/27 1405/331/27 1430/308/27 1429/307/27
f 1405/331/27 1406/332/27 1431/309/27 1430/308/27
f 1406/332/27 1407/333/27 1432/310/27 1431/309/27
f 1407/333/27 1408/334/27 1433/311/27 1432/310/27
f 1408/334/27 1409/335/27 1434/312/27 1433/311/27
f 1409/335/27 1410/336/27 1435/313/27 1434/312/27
f 1410/336/27 1411/337/27 1436/314/27 1435/313/27
f 1411/337/27 1412/338/27 1437/315/27 1436/314/27
f 1412/338/27 1413/339/27 1438/316/27 1437/315/27
f 1413/339/27 1414/141/27 1439/143/27 1438/316/27
f 70/212/27 1365/340/27 1390/317/27 69/214/27
f 1365/340/27 1366/341/27 1391/318/27 1390/317/27
f 1366/341/27 1367/342/27 1392/319/27 1391/318/27
f 1367/342/27 1368/343/27 1393/320/27 1392/319/27
f 1368/343/27 1369/344/27 1394/272/27 1393/320/27
f 1369/344/27 1370/345/27 1395/321/27 1394/272/27
f 1370/345/27 1371/346/27 1396/322/27 1395/321/27
f 1371/346/27 1372/347/27 1397/323/27 1396/322/27
f 1372/347/27 1373/348/27 1398/324/27 1397/323/27
f 1373/348/27 1374/349/27 1399/325/27 1398/324/27
f 1374/349/27 1375/350/27 1400/326/27 1399/325/27
f 1375/350/27 1376/351/27 1401/327/27 1400/326/27
f 1376/351/27 1377/352/27 1402/328/27 1401/327/27
f 1377/352/27 1378/353/27 1403/329/27 1402/328/27
f 1378/353/27 1379/354/27 1404/330/27 1403/329/27
f 1379/354/27 1380/355/27 1405/331/27 1404/330/27
f 1380/355/27 1381/356/27 1406/332/27 1405/331/27
f 1381/356/27 1382/357/27 1407/333/27 1406/332/27
f 1382/357/27 1383/358/27 1408/334/27 1407/333/27
f 1383/358/27 1384/359/27 1409/335/27 1408/334/27
f 1384/359/27 1385/360/27 1410/336/27 1409/335/27
f 1385/360/27 1386/361/27 1411/337/27 1410/336/27
f 1386/361/27 1387/362/27 1412/338/27 1411/337/27
f 1387/362/27 1388/363/27 1413/339/27 1412/338/27
f 1388/363/27 1389/139/27 1414/141/27 1413/339/27
f 71/210/27 1340/364/27 1365/340/27 70/212/27
f 1340/364/27 1341/365/27 1366/341/27 1365/340/27
f 1341/365/27 1342/366/27 1367/342/27 1366/341/27
f 1342/366/27 1343/319/27 1368/343/27 1367/342/27
f 1343/319/27 1344/271/27 1369/344/27 1368/343/27
f 1344/271/27 1345/225/27 1370/345/27 1369/344/27
f 1345/225/27 1346/367/27 1371/346/27 1370/345/27
f 1346/367/27 1347/368/27 1372/347/27 1371/346/27
f 1347/368/27 1348/369/27 1373/348/27 1372/347/27
f 1348/369/27 1349/370/27 1374/349/27 1373/348/27
f 1349/370/27 1350/371/27 1375/350/27 1374/349/27
f 1350/371/27 1351/372/27 1376/351/27 1375/350/27
f 1351/372/27 1352/373/27 1377/352/27 1376/351/27
f 1352/373/27 1353/374/27 1378/353/27 1377/352/27
f 1353/374/27 1354/375/27 1379/354/27 1378/353/27
f 1354/375/27 1355/376/27 1380/355/27 1379/354/27
f 1355/376/27 1356/377/27 1381/356/27 1380/355/27
f 1356/377/27 1357/378/27 1382/357/27 1381/356/27
f 1357/378/27 1358/379/27 1383/358/27 1382/357/27
f 1358/379/27 1359/380/27 1384/359/27 1383/358/27
f 1359/380/27 1360/381/27 1385/360/27 1384/359/27
f 1360/381/27 1361/338/27 1386/361/27 1385/360/27
f 1361/338/27 1362/382/27 1387/362/27 1386/361/27
f 1362/382/27 1363/383/27 1388/363/27 1387/362/27
f 1363/383/27 1364/137/27 1389/139/27 1388/363/27
f 72/208/27 1315/384/27 1340/364/27 71/210/27
f 1315/384/27 1316/385/27 1341/365/27 1340/364/27
f 1316/385/27 1317/386/27 1342/366/27 1341/365/27
f 1317/386/27 1318/387/27 1343/319/27 1342/366/27
f 1318/387/27 1319/388/27 1344/271/27 1343/319/27
f 1319/388/27 1320/389/27 1345/225/27 1344/271/27
f 1320/389/27 1321/390/27 1346/367/27 1345/225/27
f 1321/390/27 1322/391/27 1347/368/27 1346/367/27
f 1322/391/27 1323/392/27 1348/369/27 1347/368/27
f 1323/392/27 1324/393/27 1349/370/27 1348/369/27
f 1324/393/27 1325/394/27 1350/371/27 1349/370/27
f 1325/394/27 1326/395/27 1351/372/27 1350/371/27
f 1326/395/27 1327/396/27 1352/373/27 1351/372/27
f 1327/396/27 1328/397/27 1353/374/27 1352/373/27
f 1328/397/27 1329/251/27 1354/375/27 1353/374/27
f 1329/251/27 1330/398/27 1355/376/27 1354/375/27
f 1330/398/27 1331/399/27 1356/377/27 1355/376/27
f 1331/399/27 1332/400/27 1357/378/27 1356/377/27
f 1332/400/27 1333/401/27 1358/379/27 1357/378/27
f 1333/401/27 1334/402/27 1359/380/27 1358/379/27
f 1334/402/27 1335/403/27 1360/381/27 1359/380/27
f 1335/403/27 1336/404/27 1361/338/27 1360/381/27
f 1336/404/27 1337/405/27 1362/382/27 1361/338/27
f 1337/405/27 1338/406/27 1363/383/27 1362/382/27
f 1338/406/27 1339/135/27 1364/137/27 1363/383/27
f 73/206/27 1290/407/27 1315/384/27 72/208/27
f 1290/407/27 1291/408/27 1316/385/27 1315/384/27
f 1291/408/27 1292/409/27 1317/386/27 1316/385/27
f 1292/409/27 1293/410/27 1318/387/27 1317/386/27
f 1293/410/27 1294/411/27 1319/388/27 1318/387/27
f 1294/411/27 1295/412/27 1320/389/27 1319/388/27
f 1295/412/27 1296/413/27 1321/390/27 1320/389/27
f 1296/413/27 1297/414/27 1322/391/27 1321/390/27
f 1297/414/27 1298/415/27 1323/392/27 1322/391/27
f 1298/415/27 1299/416/27 1324/393/27 1323/392/27
f 1299/416/27 1300/417/27 1325/394/27 1324/393/27
f 1300/417/27 1301/418/27 1326/395/27 1325/394/27
f 1301/418/27 1302/419/27 1327/396/27 1326/395/27
f 1302/419/27 1303/420/27 1328/397/27 1327/396/27
f 1303/420/27 1304/421/27 1329/251/27 1328/397/27
f 1304/421/27 1305/422/27 1330/398/27 1329/251/27
f 1305/422/27 1306/423/27 1331/399/27 1330/398/27
f 1306/423/27 1307/424/27 1332/400/27 1331/399/27
f 1307/424/27 1308/425/27 1333/401/27 1332/400/27
f 1308/425/27 1309/426/27 1334/402/27 1333/401/27
f 1309/426/27 1310/427/27 1335/403/27 1334/402/27
f 1310/427/27 1311/428/27 1336/404/27 1335/403/27
f 1311/428/27 1312/429/27 1337/405/27 1336/404/27
f 1312/429/27 1313/430/27 1338/406/27 1337/405/27
f 1313/430/27 1314/133/27 1339/135/27 1338/406/27
f 74/204/27 1265/431/27 1290/407/27 73/206/27
f 1265/431/27 1266/432/27 1291/408/27 1290/407/27
f 1266/432/27 1267/433/27 1292/409/27 1291/408/27
f 1267/433/27 1268/434/27 1293/410/27 1292/409/27
f 1268/434/27 1269/435/27 1294/411/27 1293/410/27
f 1269/435/27 1270/436/27 1295/412/27 1294/411/27
f 1270/436/27 1271/437/27 1296/413/27 1295/412/27
f 1271/437/27 1272/438/27 1297/414/27 1296/413/27
f 1272/438/27 1273/439/27 1298/415/27 1297/414/27
f 1273/439/27 1274/440/27 1299/416/27 1298/415/27
f 1274/440/27 1275/441/27 1300/417/27 1299/416/27
f 1275/441/27 1276/442/27 1301/418/27 1300/417/27
f 1276/442/27 1277/352/27 1302/419/27 1301/418/27
f 1277/352/27 1278/443/27 1303/420/27 1302/419/27
f 1278/443/27 1279/444/27 1304/421/27 1303/420/27
f 1279/444/27 1280/445/27 1305/422/27 1304/421/27
f 1280/445/27 1281/446/27 1306/423/27 1305/422/27
f 1281/446/27 1282/447/27 1307/424/27 1306/423/27
f 1282/447/27 1283/448/27 1308/425/27 1307/424/27
f 1283/448/27 1284/449/27 1309/426/27 1308/425/27
f 1284/449/27 1285/450/27 1310/427/27 1309/426/27
f 1285/450/27 1286/451/27 1311/428/27 1310/427/27
f 1286/451/27 1287/452/27 1312/429/27 1311/428/27
f 1287/452/27 1288/453/27 1313/430/27 1312/429/27
f 1288/453/27 1289/131/27 1314/133/27 1313/430/27
f 75/202/27 1240/454/27 1265/431/27 74/204/27
f 1240/454/27 1241/455/27 1266/432/27 1265/431/27
f 1241/455/27 1242/364/27 1267/433/27 1266/432/27
f 1242/364/27 1243/317/27 1268/434/27 1267/433/27
f 1243/317/27 1244/269/27 1269/435/27 1268/434/27
f 1244/269/27 1245/456/27 1270/436/27 1269/435/27
f 1245/456/27 1246/457/27 1271/437/27 1270/436/27
f 1246/457/27 1247/230/27 1272/438/27 1271/437/27
f 1247/230/27 1248/458/27 1273/439/27 1272/438/27
f 1248/458/27 1249/459/27 1274/440/27 1273/439/27
f 1249/459/27 1250/460/27 1275/441/27 1274/440/27
f 1250/460/27 1251/461/27 1276/442/27 1275/441/27
f 1251/461/27 1252/352/27 1277/352/27 1276/442/27
f 1252/352/27 1253/462/27 1278/443/27 1277/352/27
f 1253/462/27 1254/463/27 1279/444/27 1278/443/27
f 1254/463/27 1255/464/27 1280/445/27 1279/444/27
f 1255/464/27 1256/465/27 1281/446/27 1280/445/27
f 1256/465/27 1257/466/27 1282/447/27 1281/446/27
f 1257/466/27 1258/467/27 1283/448/27 1282/447/27
f 1258/467/27 1259/468/27 1284/449/27 1283/448/27
f 1259/468/27 1260/469/27 1285/450/27 1284/449/27
f 1260/469/27 1261/470/27 1286/451/27 1285/450/27
f 1261/470/27 1262/471/27 1287/452/27 1286/451/27
f 1262/471/27 1263/472/27 1288/453/27 1287/452/27
f 1263/472/27 1264/130/27 1289/131/27 1288/453/27
f 76/200/27 1215/473/27 1240/454/27 75/202/27
f 1215/473/27 1216/474/27 1241/455/27 1240/454/27
f 1216/474/27 1217/475/27 1242/364/27 1241/455/27
f 1217/475/27 1218/476/27 1243/317/27 1242/364/27
f 1218/476/27 1219/477/27 1244/269/27 1243/317/27
f 1219/477/27 1220/478/27 1245/456/27 1244/269/27
f 1220/478/27 1221/479/27 1246/457/27 1245/456/27
f 1221/479/27 1222/480/27 1247/230/27 1246/457/27
f 1222/480/27 1223/481/27 1248/458/27 1247/230/27
f 1223/481/27 1224/482/27 1249/459/27 1248/458/27
f 1224/482/27 1225/483/27 1250/460/27 1249/459/27
f 1225/483/27 1226/484/27 1251/461/27 1250/460/27
f 1226/484/27 1227/485/27 1252/352/27 1251/461/27
f 1227/485/27 1228/486/27 1253/462/27 1252/352/27
f 1228/486/27 1229/487/27 1254/463/27 1253/462/27
f 1229/487/27 1230/488/27 1255/464/27 1254/463/27
f 1230/488/27 1231/489/27 1256/465/27 1255/464/27
f 1231/489/27 1232/490/27 1257/466/27 1256/465/27
f 1232/490/27 1233/491/27 1258/467/27 1257/466/27
f 1233/491/27 1234/492/27 1259/468/27 1258/467/27
f 1234/492/27 1235/382/27 1260/469/27 1259/468/27
f 1235/382/27 1236/493/27 1261/470/27 1260/469/27
f 1236/493/27 1237/494/27 1262/471/27 1261/470/27
f 1237/494/27 1238/495/27 1263/472/27 1262/471/27
f 1238/495/27 1239/128/27 1264/130/27 1263/472/27
f 77/198/27 1190/496/27 1215/473/27 76/200/27
f 1190/496/27 1191/497/27 1216/474/27 1215/473/27
f 1191/497/27 1192/498/27 1217/475/27 1216/474/27
f 1192/498/27 1193/499/27 1218/476/27 1217/475/27
f 1193/499/27 1194/500/27 1219/477/27 1218/476/27
f 1194/500/27 1195/501/27 1220/478/27 1219/477/27
f 1195/501/27 1196/502/27 1221/479/27 1220/478/27
f 1196/502/27 1197/503/27 1222/480/27 1221/479/27
f 1197/503/27 1198/504/27 1223/481/27 1222/480/27
f 1198/504/27 1199/505/27 1224/482/27 1223/481/27
f 1199/505/27 1200/506/27 1225/483/27 1224/482/27
f 1200/506/27 1201/507/27 1226/484/27 1225/483/27
f 1201/507/27 1202/246/27 1227/485/27 1226/484/27
f 1202/246/27 1203/508/27 1228/486/27 1227/485/27
f 1203/508/27 1204/509/27 1229/487/27 1228/486/27
f 1204/509/27 1205/510/27 1230/488/27 1229/487/27
f 1205/510/27 1206/511/27 1231/489/27 1230/488/27
f 1206/511/27 1207/512/27 1232/490/27 1231/489/27
f 1207/512/27 1208/513/27 1233/491/27 1232/490/27
f 1208/513/27 1209/514/27 1234/492/27 1233/491/27
f 1209/514/27 1210/515/27 1235/382/27 1234/492/27
f 1210/515/27 1211/516/27 1236/493/27 1235/382/27
f 1211/516/27 1212/517/27 1237/494/27 1236/493/27
f 1212/517/27 1213/518/27 1238/495/27 1237/494/27
f 1213/518/27 1214/126/27 1239/128/27 1238/495/27
f 78/196/27 1165/519/27 1190/496/27 77/198/27
f 1165/519/27 1166/520/27 1191/497/27 1190/496/27
f 1166/520/27 1167/521/27 1192/498/27 1191/497/27
f 1167/521/27 1168/522/27 1193/499/27 1192/498/27
f 1168/522/27 1169/523/27 1194/500/27 1193/499/27
f 1169/523/27 1170/524/27 1195/501/27 1194/500/27
f 1170/524/27 1171/525/27 1196/502/27 1195/501/27
f 1171/525/27 1172/526/27 1197/503/27 1196/502/27
f 1172/526/27 1173/527/27 1198/504/27 1197/503/27
f 1173/527/27 1174/528/27 1199/505/27 1198/504/27
f 1174/528/27 1175/529/27 1200/506/27 1199/505/27
f 1175/529/27 1176/530/27 1201/507/27 1200/506/27
f 1176/530/27 1177/246/27 1202/246/27 1201/507/27
f 1177/246/27 1178/531/27 1203/508/27 1202/246/27
f 1178/531/27 1179/532/27 1204/509/27 1203/508/27
f 1179/532/27 1180/533/27 1205/510/27 1204/509/27
f 1180/533/27 1181/534/27 1206/511/27 1205/510/27
f 1181/534/27 1182/535/27 1207/512/27 1206/511/27
f 1182/535/27 1183/536/27 1208/513/27 1207/512/27
f 1183/536/27 1184/537/27 1209/514/27 1208/513/27
f 1184/537/27 1185/538/27 1210/515/27 1209/514/27
f 1185/538/27 1186/539/27 1211/516/27 1210/515/27
f 1186/539/27 1187/540/27 1212/517/27 1211/516/27
f 1187/540/27 1188/541/27 1213/518/27 1212/517/27
f 1188/541/27 1189/124/27 1214/126/27 1213/518/27
f 79/194/27 1140/542/27 1165/519/27 78/196/27
f 1140/542/27 1141/543/27 1166/520/27 1165/519/27
f 1141/543/27 1142/544/27 1167/521/27 1166/520/27
f 1142/544/27 1143/545/27 1168/522/27 1167/521/27
f 1143/545/27 1144/546/27 1169/523/27 1168/522/27
f 1144/546/27 1145/547/27 1170/524/27 1169/523/27
f 1145/547/27 1146/548/27 1171/525/27 1170/524/27
f 1146/548/27 1147/549/27 1172/526/27 1171/525/27
f 1147/549/27 1148/550/27 1173/527/27 1172/526/27
f 1148/550/27 1149/551/27 1174/528/27 1173/527/27
f 1149/551/27 1150/552/27 1175/529/27 1174/528/27
f 1150/552/27 1151/553/27 1176/530/27 1175/529/27
f 1151/553/27 1152/352/27 1177/246/27 1176/530/27
f 1152/352/27 1153/554/27 1178/531/27 1177/246/27
f 1153/554/27 1154/555/27 1179/532/27 1178/531/27
f 1154/555/27 1155/556/27 1180/533/27 1179/532/27
f 1155/556/27 1156/557/27 1181/534/27 1180/533/27
f 1156/557/27 1157/558/27 1182/535/27 1181/534/27
f 1157/558/27 1158/559/27 1183/536/27 1182/535/27
f 1158/559/27 1159/560/27 1184/537/27 1183/536/27
f 1159/560/27 1160/561/27 1185/538/27 1184/537/27
f 1160/561/27 1161/562/27 1186/539/27 1185/538/27
f 1161/562/27 1162/563/27 1187/540/27 1186/539/27
f 1162/563/27 1163/564/27 1188/541/27 1187/540/27
f 1163/564/27 1164/122/27 1189/124/27 1188/541/27
f 80/192/27 1115/565/27 1140/542/27 79/194/27
f 1115/565/27 1116/566/27 1141/543/27 1140/542/27
f 1116/566/27 1117/567/27 1142/544/27 1141/543/27
f 1117/567/27 1118/568/27 1143/545/27 1142/544/27
f 1118/568/27 1119/569/27 1144/546/27 1143/545/27
f 1119/569/27 1120/570/27 1145/547/27 1144/546/27
f 1120/570/27 1121/571/27 1146/548/27 1145/547/27
f 1121/571/27 1122/572/27 1147/549/27 1146/548/27
f 1122/572/27 1123/573/27 1148/550/27 1147/549/27
f 1123/573/27 1124/574/27 1149/551/27 1148/550/27
f 1124/574/27 1125/575/27 1150/552/27 1149/551/27
f 1125/575/27 1126/576/27 1151/553/27 1150/552/27
f 1126/576/27 1127/305/27 1152/352/27 1151/553/27
f 1127/305/27 1128/577/27 1153/554/27 1152/352/27
f 1128/577/27 1129/578/27 1154/555/27 1153/554/27
f 1129/578/27 1130/579/27 1155/556/27 1154/555/27
f 1130/579/27 1131/580/27 1156/557/27 1155/556/27
f 1131/580/27 1132/581/27 1157/558/27 1156/557/27
f 1132/581/27 1133/582/27 1158/559/27 1157/558/27
f 1133/582/27 1134/583/27 1159/560/27 1158/559/27
f 1134/583/27 1135/584/27 1160/561/27 1159/560/27
f 1135/584/27 1136/585/27 1161/562/27 1160/561/27
f 1136/585/27 1137/586/27 1162/563/27 1161/562/27
f 1137/586/27 1138/587/27 1163/564/27 1162/563/27
f 1138/587/27 1139/120/27 1164/122/27 1163/564/27
f 81/190/27 1090/588/27 1115/565/27 80/192/27
f 1090/588/27 1091/589/27 1116/566/27 1115/565/27
f 1091/589/27 1092/590/27 1117/567/27 1116/566/27
f 1092/590/27 1093/591/27 1118/568/27 1117/567/27
f 1093/591/27 1094/592/27 1119/569/27 1118/568/27
f 1094/592/27 1095/593/27 1120/570/27 1119/569/27
f 1095/593/27 1096/594/27 1121/571/27 1120/570/27
f 1096/594/27 1097/595/27 1122/572/27 1121/571/27
f 1097/595/27 1098/596/27 1123/573/27 1122/572/27
f 1098/596/27 1099/597/27 1124/574/27 1123/573/27
f 1099/597/27 1100/598/27 1125/575/27 1124/574/27
f 1100/598/27 1101/599/27 1126/576/27 1125/575/27
f 1101/599/27 1102/600/27 1127/305/27 1126/576/27
f 1102/600/27 1103/601/27 1128/577/27 1127/305/27
f 1103/601/27 1104/602/27 1129/578/27 1128/577/27
f 1104/602/27 1105/603/27 1130/579/27 1129/578/27
f 1105/603/27 1106/604/27 1131/580/27 1130/579/27
f 1106/604/27 1107/605/27 1132/581/27 1131/580/27
f 1107/605/27 1108/606/27 1133/582/27 1132/581/27
f 1108/606/27 1109/607/27 1134/583/27 1133/582/27
f 1109/607/27 1110/608/27 1135/584/27 1134/583/27
f 1110/608/27 1111/609/27 1136/585/27 1135/584/27
f 1111/609/27 1112/610/27 1137/586/27 1136/585/27
f 1112/610/27 1113/611/27 1138/587/27 1137/586/27
f 1113/611/27 1114/118/27 1139/120/27 1138/587/27
f 82/188/27 1065/612/27 1090/588/27 81/190/27
f 1065/612/27 1066/613/27 1091/589/27 1090/588/27
f 1066/613/27 1067/614/27 1092/590/27 1091/589/27
f 1067/614/27 1068/615/27 1093/591/27 1092/590/27
f 1068/615/27 1069/616/27 1094/592/27 1093/591/27
f 1069/616/27 1070/617/27 1095/593/27 1094/592/27
f 1070/617/27 1071/618/27 1096/594/27 1095/593/27
f 1071/618/27 1072/619/27 1097/595/27 1096/594/27
f 1072/619/27 1073/620/27 1098/596/27 1097/595/27
f 1073/620/27 1074/621/27 1099/597/27 1098/596/27
f 1074/621/27 1075/622/27 1100/598/27 1099/597/27
f 1075/622/27 1076/623/27 1101/599/27 1100/598/27
f 1076/623/27 1077/246/27 1102/600/27 1101/599/27
f 1077/246/27 1078/624/27 1103/601/27 1102/600/27
f 1078/624/27 1079/625/27 1104/602/27 1103/601/27
f 1079/625/27 1080/626/27 1105/603/27 1104/602/27
f 1080/626/27 1081/627/27 1106/604/27 1105/603/27
f 1081/627/27 1082/628/27 1107/605/27 1106/604/27
f 1082/628/27 1083/629/27 1108/606/27 1107/605/27
f 1083/629/27 1084/630/27 1109/607/27 1108/606/27
f 1084/630/27 1085/631/27 1110/608/27 1109/607/27
f 1085/631/27 1086/632/27 1111/609/27 1110/608/27
f 1086/632/27 1087/633/27 1112/610/27 1111/609/27
f 1087/633/27 1088/634/27 1113/611/27 1112/610/27
f 1088/634/27 1089/116/27 1114/118/27 1113/611/27
f 83/186/27 1040/635/27 1065/612/27 82/188/27
f 1040/635/27 1041/636/27 1066/613/27 1065/612/27
f 1041/636/27 1042/637/27 1067/614/27 1066/613/27
f 1042/637/27 1043/638/27 1068/615/27 1067/614/27
f 1043/638/27 1044/639/27 1069/616/27 1068/615/27
f 1044/639/27 1045/640/27 1070/617/27 1069/616/27
f 1045/640/27 1046/641/27 1071/618/27 1070/617/27
f 1046/641/27 1047/642/27 1072/619/27 1071/618/27
f 1047/642/27 1048/643/27 1073/620/27 1072/619/27
f 1048/643/27 1049/644/27 1074/621/27 1073/620/27
f 1049/644/27 1050/645/27 1075/622/27 1074/621/27
f 1050/645/27 1051/646/27 1076/623/27 1075/622/27
f 1051/646/27 1052/647/27 1077/246/27 1076/623/27
f 1052/647/27 1053/648/27 1078/624/27 1077/246/27
f 1053/648/27 1054/649/27 1079/625/27 1078/624/27
f 1054/649/27 1055/650/27 1080/626/27 1079/625/27
f 1055/650/27 1056/651/27 1081/627/27 1080/626/27
f 1056/651/27 1057/652/27 1082/628/27 1081/627/27
f 1057/652/27 1058/653/27 1083/629/27 1082/628/27
f 1058/653/27 1059/654/27 1084/630/27 1083/629/27
f 1059/654/27 1060/655/27 1085/631/27 1084/630/27
f 1060/655/27 1061/656/27 1086/632/27 1085/631/27
f 1061/656/27 1062/657/27 1087/633/27 1086/632/27
f 1062/657/27 1063/658/27 1088/634/27 1087/633/27
f 1063/658/27 1064/114/27 1089/116/27 1088/634/27
f 84/184/27 1015/659/27 1040/635/27 83/186/27
f 1015/659/27 1016/660/27 1041/636/27 1040/635/27
f 1016/660/27 1017/661/27 1042/637/27 1041/636/27
f 1017/661/27 1018/662/27 1043/638/27 1042/637/27
f 1018/662/27 1019/663/27 1044/639/27 1043/638/27
f 1019/663/27 1020/664/27 1045/640/27 1044/639/27
f 1020/664/27 1021/665/27 1046/641/27 1045/640/27
f 1021/665/27 1022/666/27 1047/642/27 1046/641/27
f 1022/666/27 1023/667/27 1048/643/27 1047/642/27
f 1023/667/27 1024/668/27 1049/644/27 1048/643/27
f 1024/668/27 1025/669/27 1050/645/27 1049/644/27
f 1025/669/27 1026/670/27 1051/646/27 1050/645/27
f 1026/670/27 1027/671/27 1052/647/27 1051/646/27
f 1027/671/27 1028/672/27 1053/648/27 1052/647/27
f 1028/672/27 1029/673/27 1054/649/27 1053/648/27
f 1029/673/27 1030/674/27 1055/650/27 1054/649/27
f 1030/674/27 1031/675/27 1056/651/27 1055/650/27
f 1031/675/27 1032/676/27 1057/652/27 1056/651/27
f 1032/676/27 1033/677/27 1058/653/27 1057/652/27
f 1033/677/27 1034/678/27 1059/654/27 1058/653/27
f 1034/678/27 1035/679/27 1060/655/27 1059/654/27
f 1035/679/27 1036/680/27 1061/656/27 1060/655/27
f 1036/680/27 1037/611/27 1062/657/27 1061/656/27
f 1037/611/27 1038/681/27 1063/658/27 1062/657/27
f 1038/681/27 1039/112/27 1064/114/27 1063/658/27
f 85/182/27 990/682/27 1015/659/27 84/184/27
f 990/682/27 991/683/27 1016/660/27 1015/659/27
f 991/683/27 992/684/27 1017/661/27 1016/660/27
f 992/684/27 993/685/27 1018/662/27 1017/661/27
f 993/685/27 994/686/27 1019/663/27 1018/662/27
f 994/686/27 995/687/27 1020/664/27 1019/663/27
f 995/687/27 996/688/27 1021/665/27 1020/664/27
f 996/688/27 997/689/27 1022/666/27 1021/665/27
f 997/689/27 998/690/27 1023/667/27 1022/666/27
f 998/690/27 999/691/27 1024/668/27 1023/667/27
f 999/691/27 1000/692/27 1025/669/27 1024/668/27
f 1000/692/27 1001/693/27 1026/670/27 1025/669/27
f 1001/693/27 1002/328/27 1027/671/27 1026/670/27
f 1002/328/27 1003/694/27 1028/672/27 1027/671/27
f 1003/694/27 1004/695/27 1029/673/27 1028/672/27
f 1004/695/27 1005/696/27 1030/674/27 1029/673/27
f 1005/696/27 1006/697/27 1031/675/27 1030/674/27
f 1006/697/27 1007/698/27 1032/676/27 1031/675/27
f 1007/698/27 1008/699/27 1033/677/27 1032/676/27
f 1008/699/27 1009/700/27 1034/678/27 1033/677/27
f 1009/700/27 1010/701/27 1035/679/27 1034/678/27
f 1010/701/27 1011/702/27 1036/680/27 1035/679/27
f 1011/702/27 1012/703/27 1037/611/27 1036/680/27
f 1012/703/27 1013/704/27 1038/681/27 1037/611/27
f 1013/704/27 1014/110/27 1039/112/27 1038/681/27
f 86/180/27 965/705/27 990/682/27 85/182/27
f 965/705/27 966/706/27 991/683/27 990/682/27
f 966/706/27 967/707/27 992/684/27 991/683/27
f 967/707/27 968/708/27 993/685/27 992/684/27
f 968/708/27 969/709/27 994/686/27 993/685/27
f 969/709/27 970/710/27 995/687/27 994/686/27
f 970/710/27 971/711/27 996/688/27 995/687/27
f 971/711/27 972/712/27 997/689/27 996/688/27
f 972/712/27 973/713/27 998/690/27 997/689/27
f 973/713/27 974/232/27 999/691/27 998/690/27
f 974/232/27 975/714/27 1000/692/27 999/691/27
f 975/714/27 976/715/27 1001/693/27 1000/692/27
f 976/715/27 977/352/27 1002/328/27 1001/693/27
f 977/352/27 978/716/27 1003/694/27 1002/328/27
f 978/716/27 979/255/27 1004/695/27 1003/694/27
f 979/255/27 980/400/27 1005/696/27 1004/695/27
f 980/400/27 981/717/27 1006/697/27 1005/696/27
f 981/717/27 982/492/27 1007/698/27 1006/697/27
f 982/492/27 983/718/27 1008/699/27 1007/698/27
f 983/718/27 984/719/27 1009/700/27 1008/699/27
f 984/719/27 985/720/27 1010/701/27 1009/700/27
f 985/720/27 986/721/27 1011/702/27 1010/701/27
f 986/721/27 987/722/27 1012/703/27 1011/702/27
f 987/722/27 988/723/27 1013/704/27 1012/703/27
f 988/723/27 989/108/27 1014/110/27 1013/704/27
f 87/178/27 940/724/27 965/705/27 86/180/27
f 940/724/27 941/725/27 966/706/27 965/705/27
f 941/725/27 942/726/27 967/707/27 966/706/27
f 942/726/27 943/727/27 968/708/27 967/707/27
f 943/727/27 944/728/27 969/709/27 968/708/27
f 944/728/27 945/729/27 970/710/27 969/709/27
f 945/729/27 946/730/27 971/711/27 970/710/27
f 946/730/27 947/319/27 972/712/27 971/711/27
f 947/319/27 948/272/27 973/713/27 972/712/27
f 948/272/27 949/322/27 974/232/27 973/713/27
f 949/322/27 950/324/27 975/714/27 974/232/27
f 950/324/27 951/731/27 976/715/27 975/714/27
f 951/731/27 952/419/27 977/352/27 976/715/27
f 952/419/27 953/732/27 978/716/27 977/352/27
f 953/732/27 954/733/27 979/255/27 978/716/27
f 954/733/27 955/734/27 980/400/27 979/255/27
f 955/734/27 956/735/27 981/717/27 980/400/27
f 956/735/27 957/736/27 982/492/27 981/717/27
f 957/736/27 958/737/27 983/718/27 982/492/27
f 958/737/27 959/738/27 984/719/27 983/718/27
f 959/738/27 960/656/27 985/720/27 984/719/27
f 960/656/27 961/739/27 986/721/27 985/720/27
f 961/739/27 962/740/27 987/722/27 986/721/27
f 962/740/27 963/741/27 988/723/27 987/722/27
f 963/741/27 964/106/27 989/108/27 988/723/27
f 88/176/27 915/742/27 940/724/27 87/178/27
f 915/742/27 916/743/27 941/725/27 940/724/27
f 916/743/27 917/744/27 942/726/27 941/725/27
f 917/744/27 918/745/27 943/727/27 942/726/27
f 918/745/27 919/746/27 944/728/27 943/727/27
f 919/746/27 920/747/27 945/729/27 944/728/27
f 920/747/27 921/748/27 946/730/27 945/729/27
f 921/748/27 922/749/27 947/319/27 946/730/27
f 922/749/27 923/750/27 948/272/27 947/319/27
f 923/750/27 924/751/27 949/322/27 948/272/27
f 924/751/27 925/752/27 950/324/27 949/322/27
f 925/752/27 926/753/27 951/731/27 950/324/27
f 926/753/27 927/671/27 952/419/27 951/731/27
f 927/671/27 928/754/27 953/732/27 952/419/27
f 928/754/27 929/755/27 954/733/27 953/732/27
f 929/755/27 930/756/27 955/734/27 954/733/27
f 930/756/27 931/757/27 956/735/27 955/734/27
f 931/757/27 932/758/27 957/736/27 956/735/27
f 932/758/27 933/759/27 958/737/27 957/736/27
f 933/759/27 934/760/27 959/738/27 958/737/27
f 934/760/27 935/761/27 960/656/27 959/738/27
f 935/761/27 936/762/27 961/739/27 960/656/27
f 936/762/27 937/763/27 962/740/27 961/739/27
f 937/763/27 938/764/27 963/741/27 962/740/27
f 938/764/27 939/104/27 964/106/27 963/741/27
f 89/174/27 890/765/27 915/742/27 88/176/27
f 890/765/27 891/766/27 916/743/27 915/742/27
f 891/766/27 892/767/27 917/744/27 916/743/27
f 892/767/27 893/768/27 918/745/27 917/744/27
f 893/768/27 894/769/27 919/746/27 918/745/27
f 894/769/27 895/770/27 920/747/27 919/746/27
f 895/770/27 896/771/27 921/748/27 920/747/27
f 896/771/27 897/772/27 922/749/27 921/748/27
f 897/772/27 898/773/27 923/750/27 922/749/27
f 898/773/27 899/774/27 924/751/27 923/750/27
f 899/774/27 900/775/27 925/752/27 924/751/27
f 900/775/27 901/776/27 926/753/27 925/752/27
f 901/776/27 902/671/27 927/671/27 926/753/27
f 902/671/27 903/777/27 928/754/27 927/671/27
f 903/777/27 904/778/27 929/755/27 928/754/27
f 904/778/27 905/779/27 930/756/27 929/755/27
f 905/779/27 906/780/27 931/757/27 930/756/27
f 906/780/27 907/781/27 932/758/27 931/757/27
f 907/781/27 908/782/27 933/759/27 932/758/27
f 908/782/27 909/783/27 934/760/27 933/759/27
f 909/783/27 910/784/27 935/761/27 934/760/27
f 910/784/27 911/785/27 936/762/27 935/761/27
f 911/785/27 912/786/27 937/763/27 936/762/27
f 912/786/27 913/787/27 938/764/27 937/763/27
f 913/787/27 914/103/27 939/104/27 938/764/27
f 59/35/27 165/788/27 890/765/27 89/174/27
f 165/788/27 166/789/27 891/766/27 890/765/27
f 166/789/27 167/790/27 892/767/27 891/766/27
f 167/790/27 168/791/27 893/768/27 892/767/27
f 168/791/27 169/792/27 894/769/27 893/768/27
f 169/792/27 170/793/27 895/770/27 894/769/27
f 170/793/27 171/794/27 896/771/27 895/770/27
f 171/794/27 172/220/27 897/772/27 896/771/27
f 172/220/27 173/795/27 898/773/27 897/772/27
f 173/795/27 174/796/27 899/774/27 898/773/27
f 174/796/27 175/797/27 900/775/27 899/774/27
f 175/797/27 176/798/27 901/776/27 900/775/27
f 176/798/27 177/396/27 902/671/27 901/776/27
f 177/396/27 178/799/27 903/777/27 902/671/27
f 178/799/27 179/800/27 904/778/27 903/777/27
f 179/800/27 180/801/27 905/779/27 904/778/27
f 180/801/27 181/802/27 906/780/27 905/779/27
f 181/802/27 182/803/27 907/781/27 906/780/27
f 182/803/27 183/804/27 908/782/27 907/781/27
f 183/804/27 184/805/27 909/783/27 908/782/27
f 184/805/27 185/806/27 910/784/27 909/783/27
f 185/806/27 186/807/27 911/785/27 910/784/27
f 186/807/27 187/808/27 912/786/27 911/785/27
f 187/808/27 188/113/27 913/787/27 912/786/27
f 188/113/27 189/102/27 914/103/27 913/787/27
f 91/809/28 840/812/28 865/811/28 90/810/28
f 840/812/28 841/814/28 866/813/28 865/811/28
f 841/814/28 842/816/28 867/815/28 866/813/28
f 842/816/28 843/818/28 868/817/28 867/815/28
f 843/818/28 844/820/28 869/819/28 868/817/28
f 844/820/28 845/822/28 870/821/28 869/819/28
f 845/822/28 846/824/28 871/823/28 870/821/28
f 846/824/28 847/826/28 872/825/28 871/823/28
f 847/826/28 848/828/28 873/827/28 872/825/28
f 848/828/28 849/830/28 874/829/28 873/827/28
f 849/830/28 850/832/28 875/831/28 874/829/28
f 850/832/28 851/834/28 876/833/28 875/831/28
f 851/834/28 852/836/28 877/835/28 876/833/28
f 852/836/28 853/838/28 878/837/28 877/835/28
f 853/838/28 854/840/28 879/839/28 878/837/28
f 854/840/28 855/842/28 880/841/28 879/839/28
f 855/842/28 856/844/28 881/843/28 880/841/28
f 856/844/28 857/846/28 882/845/28 881/843/28
f 857/846/28 858/848/28 883/847/28 882/845/28
f 858/848/28 859/850/28 884/849/28 883/847/28
f 859/850/28 860/852/28 885/851/28 884/849/28
f 860/852/28 861/854/28 886/853/28 885/851/28
f 861/854/28 862/856/28 887/855/28 886/853/28
f 862/856/28 863/858/28 888/857/28 887/855/28
f 863/858/28 864/100/28 889/50/28 888/857/28
f 92/859/28 815/860/28 840/812/28 91/809/28
f 815/860/28 816/861/28 841/814/28 840/812/28
f 816/861/28 817/862/28 842/816/28 841/814/28
f 817/862/28 818/863/28 843/818/28 842/816/28
f 818/863/28 819/864/28 844/820/28 843/818/28
f 819/864/28 820/865/28 845/822/28 844/820/28
f 820/865/28 821/866/28 846/824/28 845/822/28
f 821/866/28 822/867/28 847/826/28 846/824/28
f 822/867/28 823/868/28 848/828/28 847/826/28
f 823/868/28 824/869/28 849/830/28 848/828/28
f 824/869/28 825/870/28 850/832/28 849/830/28
f 825/870/28 826/871/28 851/834/28 850/832/28
f 826/871/28 827/872/28 852/836/28 851/834/28
f 827/872/28 828/873/28 853/838/28 852/836/28
f 828/873/28 829/874/28 854/840/28 853/838/28
f 829/874/28 830/875/28 855/842/28 854/840/28
f 830/875/28 831/876/28 856/844/28 855/842/28
f 831/876/28 832/877/28 857/846/28 856/844/28
f 832/877/28 833/878/28 858/848/28 857/846/28
f 833/878/28 834/879/28 859/850/28 858/848/28
f 834/879/28 835/880/28 860/852/28 859/850/28
f 835/880/28 836/881/28 861/854/28 860/852/28
f 836/881/28 837/882/28 862/856/28 861/854/28
f 837/882/28 838/883/28 863/858/28 862/856/28
f 838/883/28 839/98/28 864/100/28 863/858/28
f 93/884/28 790/885/28 815/860/28 92/859/28
f 790/885/28 791/886/28 816/861/28 815/860/28
f 791/886/28 792/887/28 817/862/28 816/861/28
f 792/887/28 793/888/28 818/863/28 817/862/28
f 793/888/28 794/889/28 819/864/28 818/863/28
f 794/889/28 795/890/28 820/865/28 819/864/28
f 795/890/28 796/891/28 821/866/28 820/865/28
f 796/891/28 797/892/28 822/867/28 821/866/28
f 797/892/28 798/893/28 823/868/28 822/867/28
f 798/893/28 799/894/28 824/869/28 823/868/28
f 799/894/28 800/895/28 825/870/28 824/869/28
f 800/895/28 801/896/28 826/871/28 825/870/28
f 801/896/28 802/897/28 827/872/28 826/871/28
f 802/897/28 803/898/28 828/873/28 827/872/28
f 803/898/28 804/899/28 829/874/28 828/873/28
f 804/899/28 805/900/28 830/875/28 829/874/28
f 805/900/28 806/901/28 831/876/28 830/875/28
f 806/901/28 807/902/28 832/877/28 831/876/28
f 807/902/28 808/903/28 833/878/28 832/877/28
f 808/903/28 809/904/28 834/879/28 833/878/28
f 809/904/28 810/905/28 835/880/28 834/879/28
f 810/905/28 811/906/28 836/881/28 835/880/28
f 811/906/28 812/907/28 837/882/28 836/881/28
f 812/907/28 813/908/28 838/883/28 837/882/28
f 813/908/28 814/96/28 839/98/28 838/883/28
f 94/909/28 765/910/28 790/885/28 93/884/28
f 765/910/28 766/911/28 791/886/28 790/885/28
f 766/911/28 767/912/28 792/887/28 791/886/28
f 767/912/28 768/913/28 793/888/28 792/887/28
f 768/913/28 769/914/28 794/889/28 793/888/28
f 769/914/28 770/915/28 795/890/28 794/889/28
f 770/915/28 771/916/28 796/891/28 795/890/28
f 771/916/28 772/917/28 797/892/28 796/891/28
f 772/917/28 773/918/28 798/893/28 797/892/28
f 773/918/28 774/919/28 799/894/28 798/893/28
f 774/919/28 775/920/28 800/895/28 799/894/28
f 775/920/28 776/921/28 801/896/28 800/895/28
f 776/921/28 777/922/28 802/897/28 801/896/28
f 777/922/28 778/923/28 803/898/28 802/897/28
f 778/923/28 779/924/28 804/899/28 803/898/28
f 779/924/28 780/925/28 805/900/28 804/899/28
f 780/925/28 781/926/28 806/901/28 805/900/28
f 781/926/28 782/927/28 807/902/28 806/901/28
f 782/927/28 783/928/28 808/903/28 807/902/28
f 783/928/28 784/929/28 809/904/28 808/903/28
f 784/929/28 785/930/28 810/905/28 809/904/28
f 785/930/28 786/931/28 811/906/28 810/905/28
f 786/931/28 787/932/28 812/907/28 811/906/28
f 787/932/28 788/933/28 813/908/28 812/907/28
f 788/933/28 789/94/28 814/96/28 813/908/28
f 95/934/28 740/935/28 765/910/28 94/909/28
f 740/935/28 741/936/28 766/911/28 765/910/28
f 741/936/28 742/937/28 767/912/28 766/911/28
f 742/937/28 743/938/28 768/913/28 767/912/28
f 743/938/28 744/939/28 769/914/28 768/913/28
f 744/939/28 745/940/28 770/915/28 769/914/28
f 745/940/28 746/941/28 771/916/28 770/915/28
f 746/941/28 747/942/28 772/917/28 771/916/28
f 747/942/28 748/943/28 773/918/28 772/917/28
f 748/943/28 749/944/28 774/919/28 773/918/28
f 749/944/28 750/945/28 775/920/28 774/919/28
f 750/945/28 751/946/28 776/921/28 775/920/28
f 751/946/28 752/947/28 777/922/28 776/921/28
f 752/947/28 753/948/28 778/923/28 777/922/28
f 753/948/28 754/949/28 779/924/28 778/923/28
f 754/949/28 755/950/28 780/925/28 779/924/28
f 755/950/28 756/951/28 781/926/28 780/925/28
f 756/951/28 757/952/28 782/927/28 781/926/28
f 757/952/28 758/953/28 783/928/28 782/927/28
f 758/953/28 759/954/28 784/929/28 783/928/28
f 759/954/28 760/955/28 785/930/28 784/929/28
f 760/955/28 761/956/28 786/931/28 785/930/28
f 761/956/28 762/957/28 787/932/28 786/931/28
f 762/957/28 763/958/28 788/933/28 787/932/28
f 763/958/28 764/92/28 789/94/28 788/933/28
f 96/959/28 715/960/28 740/935/28 95/934/28
f 715/960/28 716/961/28 741/936/28 740/935/28
f 716/961/28 717/962/28 742/937/28 741/936/28
f 717/962/28 718/963/28 743/938/28 742/937/28
f 718/963/28 719/964/28 744/939/28 743/938/28
f 719/964/28 720/965/28 745/940/28 744/939/28
f 720/965/28 721/966/28 746/941/28 745/940/28
f 721/966/28 722/967/28 747/942/28 746/941/28
f 722/967/28 723/968/28 748/943/28 747/942/28
f 723/968/28 724/969/28 749/944/28 748/943/28
f 724/969/28 725/970/28 750/945/28 749/944/28
f 725/970/28 726/971/28 751/946/28 750/945/28
f 726/971/28 727/972/28 752/947/28 751/946/28
f 727/972/28 728/973/28 753/948/28 752/947/28
f 728/973/28 729/974/28 754/949/28 753/948/28
f 729/974/28 730/975/28 755/950/28 754/949/28
f 730/975/28 731/976/28 756/951/28 755/950/28
f 731/976/28 732/977/28 757/952/28 756/951/28
f 732/977/28 733/978/28 758/953/28 757/952/28
f 733/978/28 734/979/28 759/954/28 758/953/28
f 734/979/28 735/980/28 760/955/28 759/954/28
f 735/980/28 736/981/28 761/956/28 760/955/28
f 736/981/28 737/982/28 762/957/28 761/956/28
f 737/982/28 738/983/28 763/958/28 762/957/28
f 738/983/28 739/90/28 764/92/28 763/958/28
f 97/984/28 690/985/28 715/960/28 96/959/28
f 690/985/28 691/986/28 716/961/28 715/960/28
f 691/986/28 692/987/28 717/962/28 716/961/28
f 692/987/28 693/988/28 718/963/28 717/962/28
f 693/988/28 694/989/28 719/964/28 718/963/28
f 694/989/28 695/990/28 720/965/28 719/964/28
f 695/990/28 696/991/28 721/966/28 720/965/28
f 696/991/28 697/992/28 722/967/28 721/966/28
f 697/992/28 698/993/28 723/968/28 722/967/28
f 698/993/28 699/994/28 724/969/28 723/968/28
f 699/994/28 700/995/28 725/970/28 724/969/28
f 700/995/28 701/996/28 726/971/28 725/970/28
f 701/996/28 702/997/28 727/972/28 726/971/28
f 702/997/28 703/998/28 728/973/28 727/972/28
f 703/998/28 704/999/28 729/974/28 728/973/28
f 704/999/28 705/1000/28 730/975/28 729/974/28
f 705/1000/28 706/1001/28 731/976/28 730/975/28
f 706/1001/28 707/1002/28 732/977/28 731/976/28
f 707/1002/28 708/1003/28 733/978/28 732/977/28
f 708/1003/28 709/1004/28 734/979/28 733/978/28
f 709/1004/28 710/1005/28 735/980/28 734/979/28
f 710/1005/28 711/1006/28 736/981/28 735/980/28
f 711/1006/28 712/1007/28 737/982/28 736/981/28
f 712/1007/28 713/1008/28 738/983/28 737/982/28
f 713/1008/28 714/88/28 739/90/28 738/983/28
f 98/1009/28 665/1010/28 690/985/28 97/984/28
f 665/1010/28 666/1011/28 691/986/28 690/985/28
f 666/1011/28 667/1012/28 692/987/28 691/986/28
f 667/1012/28 668/1013/28 693/988/28 692/987/28
f 668/1013/28 669/1014/28 694/989/28 693/988/28
f 669/1014/28 670/1015/28 695/990/28 694/989/28
f 670/1015/28 671/1016/28 696/991/28 695/990/28
f 671/1016/28 672/1017/28 697/992/28 696/991/28
f 672/1017/28 673/1018/28 698/993/28 697/992/28
f 673/1018/28 674/1019/28 699/994/28 698/993/28
f 674/1019/28 675/1020/28 700/995/28 699/994/28
f 675/1020/28 676/1021/28 701/996/28 700/995/28
f 676/1021/28 677/1022/28 702/997/28 701/996/28
f 677/1022/28 678/1023/28 703/998/28 702/997/28
f 678/1023/28 679/1024/28 704/999/28 703/998/28
f 679/1024/28 680/1025/28 705/1000/28 704/999/28
f 680/1025/28 681/1026/28 706/1001/28 705/1000/28
f 681/1026/28 682/1027/28 707/1002/28 706/1001/28
f 682/1027/28 683/1028/28 708/1003/28 707/1002/28
f 683/1028/28 684/1029/28 709/1004/28 708/1003/28
f 684/1029/28 685/1030/28 710/1005/28 709/1004/28
f 685/1030/28 686/1031/28 711/1006/28 710/1005/28
f 686/1031/28 687/1032/28 712/1007/28 711/1006/28
f 687/1032/28 688/1033/28 713/1008/28 712/1007/28
f 688/1033/28 689/86/28 714/88/28 713/1008/28
f 99/1034/28 640/1035/28 665/1010/28 98/1009/28
f 640/1035/28 641/1036/28 666/1011/28 665/1010/28
f 641/1036/28 642/1037/28 667/1012/28 666/1011/28
f 642/1037/28 643/1038/28 668/1013/28 667/1012/28
f 643/1038/28 644/1039/28 669/1014/28 668/1013/28
f 644/1039/28 645/1040/28 670/1015/28 669/1014/28
f 645/1040/28 646/1041/28 671/1016/28 670/1015/28
f 646/1041/28 647/1042/28 672/1017/28 671/1016/28
f 647/1042/28 648/1043/28 673/1018/28 672/1017/28
f 648/1043/28 649/1044/28 674/1019/28 673/1018/28
f 649/1044/28 650/1045/28 675/1020/28 674/1019/28
f 650/1045/28 651/1046/28 676/1021/28 675/1020/28
f 651/1046/28 652/1047/28 677/1022/28 676/1021/28
f 652/1047/28 653/1048/28 678/1023/28 677/1022/28
f 653/1048/28 654/1049/28 679/1024/28 678/1023/28
f 654/1049/28 655/1050/28 680/1025/28 679/1024/28
f 655/1050/28 656/1051/28 681/1026/28 680/1025/28
f 656/1051/28 657/1052/28 682/1027/28 681/1026/28
f 657/1052/28 658/1053/28 683/1028/28 682/1027/28
f 658/1053/28 659/1054/28 684/1029/28 683/1028/28
f 659/1054/28 660/1055/28 685/1030/28 684/1029/28
f 660/1055/28 661/1056/28 686/1031/28 685/1030/28
f 661/1056/28 662/1057/28 687/1032/28 686/1031/28
f 662/1057/28 663/1058/28 688/1033/28 687/1032/28
f 663/1058/28 664/84/28 689/86/28 688/1033/28
f 100/1059/28 615/1060/28 640/1035/28 99/1034/28
f 615/1060/28 616/1061/28 641/1036/28 640/1035/28
f 616/1061/28 617/1062/28 642/1037/28 641/1036/28
f 617/1062/28 618/1063/28 643/1038/28 642/1037/28
f 618/1063/28 619/1064/28 644/1039/28 643/1038/28
f 619/1064/28 620/1065/28 645/1040/28 644/1039/28
f 620/1065/28 621/1066/28 646/1041/28 645/1040/28
f 621/1066/28 622/1067/28 647/1042/28 646/1041/28
f 622/1067/28 623/1068/28 648/1043/28 647/1042/28
f 623/1068/28 624/1069/28 649/1044/28 648/1043/28
f 624/1069/28 625/1070/28 650/1045/28 649/1044/28
f 625/1070/28 626/1071/28 651/1046/28 650/1045/28
f 626/1071/28 627/1072/28 652/1047/28 651/1046/28
f 627/1072/28 628/1073/28 653/1048/28 652/1047/28
f 628/1073/28 629/1074/28 654/1049/28 653/1048/28
f 629/1074/28 630/1075/28 655/1050/28 654/1049/28
f 630/1075/28 631/1076/28 656/1051/28 655/1050/28
f 631/1076/28 632/1077/28 657/1052/28 656/1051/28
f 632/1077/28 633/1078/28 658/1053/28 657/1052/28
f 633/1078/28 634/1079/28 659/1054/28 658/1053/28
f 634/1079/28 635/1080/28 660/1055/28 659/1054/28
f 635/1080/28 636/1081/28 661/1056/28 660/1055/28
f 636/1081/28 637/1082/28 662/1057/28 661/1056/28
f 637/1082/28 638/1083/28 663/1058/28 662/1057/28
f 638/1083/28 639/82/28 664/84/28 663/1058/28
f 101/1084/28 590/1085/28 615/1060/28 100/1059/28
f 590/1085/28 591/1086/28 616/1061/28 615/1060/28
f 591/1086/28 592/1087/28 617/1062/28 616/1061/28
f 592/1087/28 593/1088/28 618/1063/28 617/1062/28
f 593/1088/28 594/1089/28 619/1064/28 618/1063/28
f 594/1089/28 595/1090/28 620/1065/28 619/1064/28
f 595/1090/28 596/1091/28 621/1066/28 620/1065/28
f 596/1091/28 597/1092/28 622/1067/28 621/1066/28
f 597/1092/28 598/1093/28 623/1068/28 622/1067/28
f 598/1093/28 599/1094/28 624/1069/28 623/1068/28
f 599/1094/28 600/1095/28 625/1070/28 624/1069/28
f 600/1095/28 601/1096/28 626/1071/28 625/1070/28
f 601/1096/28 602/1097/28 627/1072/28 626/1071/28
f 602/1097/28 603/1098/28 628/1073/28 627/1072/28
f 603/1098/28 604/1099/28 629/1074/28 628/1073/28
f 604/1099/28 605/1100/28 630/1075/28 629/1074/28
f 605/1100/28 606/1101/28 631/1076/28 630/1075/28
f 606/1101/28 607/1102/28 632/1077/28 631/1076/28
f 607/1102/28 608/1103/28 633/1078/28 632/1077/28
f 608/1103/28 609/1104/28 634/1079/28 633/1078/28
f 609/1104/28 610/1105/28 635/1080/28 634/1079/28
f 610/1105/28 611/1106/28 636/1081/28 635/1080/28
f 611/1106/28 612/1107/28 637/1082/28 636/1081/28
f 612/1107/28 613/1108/28 638/1083/28 637/1082/28
f 613/1108/28 614/80/28 639/82/28 638/1083/28
f 102/1109/28 565/1110/28 590/1085/28 101/1084/28
f 565/1110/28 566/1111/28 591/1086/28 590/1085/28
f 566/1111/28 567/1112/28 592/1087/28 591/1086/28
f 567/1112/28 568/1113/28 593/1088/28 592/1087/28
f 568/1113/28 569/1114/28 594/1089/28 593/1088/28
f 569/1114/28 570/1115/28 595/1090/28 594/1089/28
f 570/1115/28 571/1116/28 596/1091/28 595/1090/28
f 571/1116/28 572/1117/28 597/1092/28 596/1091/28
f 572/1117/28 573/1118/28 598/1093/28 597/1092/28
f 573/1118/28 574/1119/28 599/1094/28 598/1093/28
f 574/1119/28 575/1120/28 600/1095/28 599/1094/28
f 575/1120/28 576/1121/28 601/1096/28 600/1095/28
f 576/1121/28 577/1122/28 602/1097/28 601/1096/28
f 577/1122/28 578/1123/28 603/1098/28 602/1097/28
f 578/1123/28 579/1124/28 604/1099/28 603/1098/28
f 579/1124/28 580/1125/28 605/1100/28 604/1099/28
f 580/1125/28 581/1126/28 606/1101/28 605/1100/28
f 581/1126/28 582/1127/28 607/1102/28 606/1101/28
f 582/1127/28 583/1128/28 608/1103/28 607/1102/28
f 583/1128/28 584/1129/28 609/1104/28 608/1103/28
f 584/1129/28 585/1130/28 610/1105/28 609/1104/28
f 585/1130/28 586/1131/28 611/1106/28 610/1105/28
f 586/1131/28 587/1132/28 612/1107/28 611/1106/28
f 587/1132/28 588/1133/28 613/1108/28 612/1107/28
f 588/1133/28 589/78/28 614/80/28 613/1108/28
f 103/1134/28 540/1135/28 565/1110/28 102/1109/28
f 540/1135/28 541/1136/28 566/1111/28 565/1110/28
f 541/1136/28 542/1137/28 567/1112/28 566/1111/28
f 542/1137/28 543/1138/28 568/1113/28 567/1112/28
f 543/1138/28 544/1139/28 569/1114/28 568/1113/28
f 544/1139/28 545/1140/28 570/1115/28 569/1114/28
f 545/1140/28 546/1141/28 571/1116/28 570/1115/28
f 546/1141/28 547/1142/28 572/1117/28 571/1116/28
f 547/1142/28 548/1143/28 573/1118/28 572/1117/28
f 548/1143/28 549/1144/28 574/1119/28 573/1118/28
f 549/1144/28 550/1145/28 575/1120/28 574/1119/28
f 550/1145/28 551/1146/28 576/1121/28 575/1120/28
f 551/1146/28 552/1147/28 577/1122/28 576/1121/28
f 552/1147/28 553/1148/28 578/1123/28 577/1122/28
f 553/1148/28 554/1149/28 579/1124/28 578/1123/28
f 554/1149/28 555/1150/28 580/1125/28 579/1124/28
f 555/1150/28 556/1151/28 581/1126/28 580/1125/28
f 556/1151/28 557/1152/28 582/1127/28 581/1126/28
f 557/1152/28 558/1153/28 583/1128/28 582/1127/28
f 558/1153/28 559/1154/28 584/1129/28 583/1128/28
f 559/1154/28 560/1155/28 585/1130/28 584/1129/28
f 560/1155/28 561/1156/28 586/1131/28 585/1130/28
f 561/1156/28 562/1157/28 587/1132/28 586/1131/28
f 562/1157/28 563/1158/28 588/1133/28 587/1132/28
f 563/1158/28 564/76/28 589/78/28 588/1133/28
f 104/1159/28 515/1160/28 540/1135/28 103/1134/28
f 515/1160/28 516/1161/28 541/1136/28 540/1135/28
f 516/1161/28 517/1162/28 542/1137/28 541/1136/28
f 517/1162/28 518/1163/28 543/1138/28 542/1137/28
f 518/1163/28 519/1164/28 544/1139/28 543/1138/28
f 519/1164/28 520/1165/28 545/1140/28 544/1139/28
f 520/1165/28 521/1166/28 546/1141/28 545/1140/28
f 521/1166/28 522/1167/28 547/1142/28 546/1141/28
f 522/1167/28 523/1168/28 548/1143/28 547/1142/28
f 523/1168/28 524/1169/28 549/1144/28 548/1143/28
f 524/1169/28 525/1170/28 550/1145/28 549/1144/28
f 525/1170/28 526/1171/28 551/1146/28 550/1145/28
f 526/1171/28 527/1172/28 552/1147/28 551/1146/28
f 527/1172/28 528/1173/28 553/1148/28 552/1147/28
f 528/1173/28 529/1174/28 554/1149/28 553/1148/28
f 529/1174/28 530/1175/28 555/1150/28 554/1149/28
f 530/1175/28 531/1176/28 556/1151/28 555/1150/28
f 531/1176/28 532/1177/28 557/1152/28 556/1151/28
f 532/1177/28 533/1178/28 558/1153/28 557/1152/28
f 533/1178/28 534/1179/28 559/1154/28 558/1153/28
f 534/1179/28 535/1180/28 560/1155/28 559/1154/28
f 535/1180/28 536/1181/28 561/1156/28 560/1155/28
f 536/1181/28 537/1182/28 562/1157/28 561/1156/28
f 537/1182/28 538/1183/28 563/1158/28 562/1157/28
f 538/1183/28 539/74/28 564/76/28 563/1158/28
f 105/1184/28 490/1185/28 515/1160/28 104/1159/28
f 490/1185/28 491/1186/28 516/1161/28 515/1160/28
f 491/1186/28 492/1187/28 517/1162/28 516/1161/28
f 492/1187/28 493/1188/28 518/1163/28 517/1162/28
f 493/1188/28 494/1189/28 519/1164/28 518/1163/28
f 494/1189/28 495/1190/28 520/1165/28 519/1164/28
f 495/1190/28 496/1191/28 521/1166/28 520/1165/28
f 496/1191/28 497/1192/28 522/1167/28 521/1166/28
f 497/1192/28 498/1193/28 523/1168/28 522/1167/28
f 498/1193/28 499/1194/28 524/1169/28 523/1168/28
f 499/1194/28 500/1195/28 525/1170/28 524/1169/28
f 500/1195/28 501/1196/28 526/1171/28 525/1170/28
f 501/1196/28 502/1197/28 527/1172/28 526/1171/28
f 502/1197/28 503/1198/28 528/1173/28 527/1172/28
f 503/1198/28 504/1199/28 529/1174/28 528/1173/28
f 504/1199/28 505/1200/28 530/1175/28 529/1174/28
f 505/1200/28 506/1201/28 531/1176/28 530/1175/28
f 506/1201/28 507/1202/28 532/1177/28 531/1176/28
f 507/1202/28 508/1203/28 533/1178/28 532/1177/28
f 508/1203/28 509/1204/28 534/1179/28 533/1178/28
f 509/1204/28 510/1205/28 535/1180/28 534/1179/28
f 510/1205/28 511/1206/28 536/1181/28 535/1180/28
f 511/1206/28 512/1207/28 537/1182/28 536/1181/28
f 512/1207/28 513/1208/28 538/1183/28 537/1182/28
f 513/1208/28 514/72/28 539/74/28 538/1183/28
f 106/1209/28 465/1210/28 490/1185/28 105/1184/28
f 465/1210/28 466/1211/28 491/1186/28 490/1185/28
f 466/1211/28 467/1212/28 492/1187/28 491/1186/28
f 467/1212/28 468/1213/28 493/1188/28 492/1187/28
f 468/1213/28 469/1214/28 494/1189/28 493/1188/28
f 469/1214/28 470/1215/28 495/1190/28 494/1189/28
f 470/1215/28 471/1216/28 496/1191/28 495/1190/28
f 471/1216/28 472/1217/28 497/1192/28 496/1191/28
f 472/1217/28 473/1218/28 498/1193/28 497/1192/28
f 473/1218/28 474/1219/28 499/1194/28 498/1193/28
f 474/1219/28 475/1220/28 500/1195/28 499/1194/28
f 475/1220/28 476/1221/28 501/1196/28 500/1195/28
f 476/1221/28 477/1222/28 502/1197/28 501/1196/28
f 477/1222/28 478/1223/28 503/1198/28 502/1197/28
f 478/1223/28 479/1224/28 504/1199/28 503/1198/28
f 479/1224/28 480/1225/28 505/1200/28 504/1199/28
f 480/1225/28 481/1226/28 506/1201/28 505/1200/28
f 481/1226/28 482/1227/28 507/1202/28 506/1201/28
f 482/1227/28 483/1228/28 508/1203/28 507/1202/28
f 483/1228/28 484/1229/28 509/1204/28 508/1203/28
f 484/1229/28 485/1230/28 510/1205/28 509/1204/28
f 485/1230/28 486/1231/28 511/1206/28 510/1205/28
f 486/1231/28 487/1232/28 512/1207/28 511/1206/28
f 487/1232/28 488/1233/28 513/1208/28 512/1207/28
f 488/1233/28 489/70/28 514/72/28 513/1208/28
f 107/1234/28 440/1235/28 465/1210/28 106/1209/28
f 440/1235/28 441/1236/28 466/1211/28 465/1210/28
f 441/1236/28 442/1237/28 467/1212/28 466/1211/28
f 442/1237/28 443/1238/28 468/1213/28 467/1212/28
f 443/1238/28 444/1239/28 469/1214/28 468/1213/28
f 444/1239/28 445/1240/28 470/1215/28 469/1214/28
f 445/1240/28 446/1241/28 471/1216/28 470/1215/28
f 446/1241/28 447/1242/28 472/1217/28 471/1216/28
f 447/1242/28 448/1243/28 473/1218/28 472/1217/28
f 448/1243/28 449/1244/28 474/1219/28 473/1218/28
f 449/1244/28 450/1245/28 475/1220/28 474/1219/28
f 450/1245/28 451/1246/28 476/1221/28 475/1220/28
f 451/1246/28 452/1247/28 477/1222/28 476/1221/28
f 452/1247/28 453/1248/28 478/1223/28 477/1222/28
f 453/1248/28 454/1249/28 479/1224/28 478/1223/28
f 454/1249/28 455/1250/28 480/1225/28 479/1224/28
f 455/1250/28 456/1251/28 481/1226/28 480/1225/28
f 456/1251/28 457/1252/28 482/1227/28 481/1226/28
f 457/1252/28 458/1253/28 483/1228/28 482/1227/28
f 458/1253/28 459/1254/28 484/1229/28 483/1228/28
f 459/1254/28 460/1255/28 485/1230/28 484/1229/28
f 460/1255/28 461/1256/28 486/1231/28 485/1230/28
f 461/1256/28 462/1257/28 487/1232/28 486/1231/28
f 462/1257/28 463/1258/28 488/1233/28 487/1232/28
f 463/1258/28 464/68/28 489/70/28 488/1233/28
f 108/1259/28 415/1260/28 440/1235/28 107/1234/28
f 415/1260/28 416/1261/28 441/1236/28 440/1235/28
f 416/1261/28 417/1262/28 442/1237/28 441/1236/28
f 417/1262/28 418/1263/28 443/1238/28 442/1237/28
f 418/1263/28 419/1264/28 444/1239/28 443/1238/28
f 419/1264/28 420/1265/28 445/1240/28 444/1239/28
f 420/1265/28 421/1266/28 446/1241/28 445/1240/28
f 421/1266/28 422/1267/28 447/1242/28 446/1241/28
f 422/1267/28 423/1268/28 448/1243/28 447/1242/28
f 423/1268/28 424/1269/28 449/1244/28 448/1243/28
f 424/1269/28 425/1270/28 450/1245/28 449/1244/28
f 425/1270/28 426/1271/28 451/1246/28 450/1245/28
f 426/1271/28 427/1272/28 452/1247/28 451/1246/28
f 427/1272/28 428/1273/28 453/1248/28 452/1247/28
f 428/1273/28 429/1274/28 454/1249/28 453/1248/28
f 429/1274/28 430/1275/28 455/1250/28 454/1249/28
f 430/1275/28 431/1276/28 456/1251/28 455/1250/28
f 431/1276/28 432/1277/28 457/1252/28 456/1251/28
f 432/1277/28 433/1278/28 458/1253/28 457/1252/28
f 433/1278/28 434/1279/28 459/1254/28 458/1253/28
f 434/1279/28 435/1280/28 460/1255/28 459/1254/28
f 435/1280/28 436/1281/28 461/1256/28 460/1255/28
f 436/1281/28 437/1282/28 462/1257/28 461/1256/28
f 437/1282/28 438/1283/28 463/1258/28 462/1257/28
f 438/1283/28 439/66/28 464/68/28 463/1258/28
f 109/1284/28 390/1285/28 415/1260/28 108/1259/28
f 390/1285/28 391/1286/28 416/1261/28 415/1260/28
f 391/1286/28 392/1287/28 417/1262/28 416/1261/28
f 392/1287/28 393/1288/28 418/1263/28 417/1262/28
f 393/1288/28 394/1289/28 419/1264/28 418/1263/28
f 394/1289/28 395/1290/28 420/1265/28 419/1264/28
f 395/1290/28 396/1291/28 421/1266/28 420/1265/28
f 396/1291/28 397/1292/28 422/1267/28 421/1266/28
f 397/1292/28 398/1293/28 423/1268/28 422/1267/28
f 398/1293/28 399/1294/28 424/1269/28 423/1268/28
f 399/1294/28 400/1295/28 425/1270/28 424/1269/28
f 400/1295/28 401/1296/28 426/1271/28 425/1270/28
f 401/1296/28 402/1297/28 427/1272/28 426/1271/28
f 402/1297/28 403/1298/28 428/1273/28 427/1272/28
f 403/1298/28 404/1299/28 429/1274/28 428/1273/28
f 404/1299/28 405/1300/28 430/1275/28 429/1274/28
f 405/1300/28 406/1301/28 431/1276/28 430/1275/28
f 406/1301/28 407/1302/28 432/1277/28 431/1276/28
f 407/1302/28 408/1303/28 433/1278/28 432/1277/28
f 408/1303/28 409/1304/28 434/1279/28 433/1278/28
f 409/1304/28 410/1305/28 435/1280/28 434/1279/28
f 410/1305/28 411/1306/28 436/1281/28 435/1280/28
f 411/1306/28 412/1307/28 437/1282/28 436/1281/28
f 412/1307/28 413/1308/28 438/1283/28 437/1282/28
f 413/1308/28 414/64/28 439/66/28 438/1283/28
f 110/1309/28 365/1310/28 390/1285/28 109/1284/28
f 365/1310/28 366/1311/28 391/1286/28 390/1285/28
f 366/1311/28 367/1312/28 392/1287/28 391/1286/28
f 367/1312/28 368/1313/28 393/1288/28 392/1287/28
f 368/1313/28 369/1314/28 394/1289/28 393/1288/28
f 369/1314/28 370/1315/28 395/1290/28 394/1289/28
f 370/1315/28 371/1316/28 396/1291/28 395/1290/28
f 371/1316/28 372/1317/28 397/1292/28 396/1291/28
f 372/1317/28 373/1318/28 398/1293/28 397/1292/28
f 373/1318/28 374/1319/28 399/1294/28 398/1293/28
f 374/1319/28 375/1320/28 400/1295/28 399/1294/28
f 375/1320/28 376/1321/28 401/1296/28 400/1295/28
f 376/1321/28 377/1322/28 402/1297/28 401/1296/28
f 377/1322/28 378/1323/28 403/1298/28 402/1297/28
f 378/1323/28 379/1324/28 404/1299/28 403/1298/28
f 379/1324/28 380/1325/28 405/1300/28 404/1299/28
f 380/1325/28 381/1326/28 406/1301/28 405/1300/28
f 381/1326/28 382/1327/28 407/1302/28 406/1301/28
f 382/1327/28 383/1328/28 408/1303/28 407/1302/28
f 383/1328/28 384/1329/28 409/1304/28 408/1303/28
f 384/1329/28 385/1330/28 410/1305/28 409/1304/28
f 385/1330/28 386/1331/28 411/1306/28 410/1305/28
f 386/1331/28 387/1332/28 412/1307/28 411/1306/28
f 387/1332/28 388/1333/28 413/1308/28 412/1307/28
f 388/1333/28 389/62/28 414/64/28 413/1308/28
f 111/1334/28 340/1335/28 365/1310/28 110/1309/28
f 340/1335/28 341/1336/28 366/1311/28 365/1310/28
f 341/1336/28 342/1337/28 367/1312/28 366/1311/28
f 342/1337/28 343/1338/28 368/1313/28 367/1312/28
f 343/1338/28 344/1339/28 369/1314/28 368/1313/28
f 344/1339/28 345/1340/28 370/1315/28 369/1314/28
f 345/1340/28 346/1341/28 371/1316/28 370/1315/28
f 346/1341/28 347/1342/28 372/1317/28 371/1316/28
f 347/1342/28 348/1343/28 373/1318/28 372/1317/28
f 348/1343/28 349/1344/28 374/1319/28 373/1318/28
f 349/1344/28 350/1345/28 375/1320/28 374/1319/28
f 350/1345/28 351/1346/28 376/1321/28 375/1320/28
f 351/1346/28 352/1347/28 377/1322/28 376/1321/28
f 352/1347/28 353/1348/28 378/1323/28 377/1322/28
f 353/1348/28 354/1349/28 379/1324/28 378/1323/28
f 354/1349/28 355/1350/28 380/1325/28 379/1324/28
f 355/1350/28 356/1351/28 381/1326/28 380/1325/28
f 356/1351/28 357/1352/28 382/1327/28 381/1326/28
f 357/1352/28 358/1353/28 383/1328/28 382/1327/28
f 358/1353/28 359/1354/28 384/1329/28 383/1328/28
f 359/1354/28 360/1355/28 385/1330/28 384/1329/28
f 360/1355/28 361/1356/28 386/1331/28 385/1330/28
f 361/1356/28 362/1357/28 387/1332/28 386/1331/28
f 362/1357/28 363/1358/28 388/1333/28 387/1332/28
f 363/1358/28 364/60/28 389/62/28 388/1333/28
f 112/1359/28 315/1360/28 340/1335/28 111/1334/28
f 315/1360/28 316/1361/28 341/1336/28 340/1335/28
f 316/1361/28 317/1362/28 342/1337/28 341/1336/28
f 317/1362/28 318/1363/28 343/1338/28 342/1337/28
f 318/1363/28 319/1364/28 344/1339/28 343/1338/28
f 319/1364/28 320/1365/28 345/1340/28 344/1339/28
f 320/1365/28 321/1366/28 346/1341/28 345/1340/28
f 321/1366/28 322/1367/28 347/1342/28 346/1341/28
f 322/1367/28 323/1368/28 348/1343/28 347/1342/28
f 323/1368/28 324/1369/28 349/1344/28 348/1343/28
f 324/1369/28 325/1370/28 350/1345/28 349/1344/28
f 325/1370/28 326/1371/28 351/1346/28 350/1345/28
f 326/1371/28 327/1372/28 352/1347/28 351/1346/28
f 327/1372/28 328/1373/28 353/1348/28 352/1347/28
f 328/1373/28 329/1374/28 354/1349/28 353/1348/28
f 329/1374/28 330/1375/28 355/1350/28 354/1349/28
f 330/1375/28 331/1376/28 356/1351/28 355/1350/28
f 331/1376/28 332/1377/28 357/1352/28 356/1351/28
f 332/1377/28 333/1378/28 358/1353/28 357/1352/28
f 333/1378/28 334/1379/28 359/1354/28 358/1353/28
f 334/1379/28 335/1380/28 360/1355/28 359/1354/28
f 335/1380/28 336/1381/28 361/1356/28 360/1355/28
f 336/1381/28 337/1382/28 362/1357/28 361/1356/28
f 337/1382/28 338/1383/28 363/1358/28 362/1357/28
f 338/1383/28 339/58/28 364/60/28 363/1358/28
f 113/1384/28 290/1385/28 315/1360/28 112/1359/28
f 290/1385/28 291/1386/28 316/1361/28 315/1360/28
f 291/1386/28 292/1387/28 317/1362/28 316/1361/28
f 292/1387/28 293/1388/28 318/1363/28 317/1362/28
f 293/1388/28 294/1389/28 319/1364/28 318/1363/28
f 294/1389/28 295/1390/28 320/1365/28 319/1364/28
f 295/1390/28 296/1391/28 321/1366/28 320/1365/28
f 296/1391/28 297/1392/28 322/1367/28 321/1366/28
f 297/1392/28 298/1393/28 323/1368/28 322/1367/28
f 298/1393/28 299/1394/28 324/1369/28 323/1368/28
f 299/1394/28 300/1395/28 325/1370/28 324/1369/28
f 300/1395/28 301/1396/28 326/1371/28 325/1370/28
f 301/1396/28 302/1397/28 327/1372/28 326/1371/28
f 302/1397/28 303/1398/28 328/1373/28 327/1372/28
f 303/1398/28 304/1399/28 329/1374/28 328/1373/28
f 304/1399/28 305/1400/28 330/1375/28 329/1374/28
f 305/1400/28 306/1401/28 331/1376/28 330/1375/28
f 306/1401/28 307/1402/28 332/1377/28 331/1376/28
f 307/1402/28 308/1403/28 333/1378/28 332/1377/28
f 308/1403/28 309/1404/28 334/1379/28 333/1378/28
f 309/1404/28 310/1405/28 335/1380/28 334/1379/28
f 310/1405/28 311/1406/28 336/1381/28 335/1380/28
f 311/1406/28 312/1407/28 337/1382/28 336/1381/28
f 312/1407/28 313/1408/28 338/1383/28 337/1382/28
f 313/1408/28 314/56/28 339/58/28 338/1383/28
f 114/1409/28 265/1410/28 290/1385/28 113/1384/28
f 265/1410/28 266/1411/28 291/1386/28 290/1385/28
f 266/1411/28 267/1412/28 292/1387/28 291/1386/28
f 267/1412/28 268/1413/28 293/1388/28 292/1387/28
f 268/1413/28 269/1414/28 294/1389/28 293/1388/28
f 269/1414/28 270/1415/28 295/1390/28 294/1389/28
f 270/1415/28 271/1416/28 296/1391/28 295/1390/28
f 271/1416/28 272/1417/28 297/1392/28 296/1391/28
f 272/1417/28 273/1418/28 298/1393/28 297/1392/28
f 273/1418/28 274/1419/28 299/1394/28 298/1393/28
f 274/1419/28 275/1420/28 300/1395/28 299/1394/28
f 275/1420/28 276/1421/28 301/1396/28 300/1395/28
f 276/1421/28 277/1422/28 302/1397/28 301/1396/28
f 277/1422/28 278/1423/28 303/1398/28 302/1397/28
f 278/1423/28 279/1424/28 304/1399/28 303/1398/28
f 279/1424/28 280/1425/28 305/1400/28 304/1399/28
f 280/1425/28 281/1426/28 306/1401/28 305/1400/28
f 281/1426/28 282/1427/28 307/1402/28 306/1401/28
f 282/1427/28 283/1428/28 308/1403/28 307/1402/28
f 283/1428/28 284/1429/28 309/1404/28 308/1403/28
f 284/1429/28 285/1430/28 310/1405/28 309/1404/28
f 285/1430/28 286/1431/28 311/1406/28 310/1405/28
f 286/1431/28 287/1432/28 312/1407/28 311/1406/28
f 287/1432/28 288/1433/28 313/1408/28 312/1407/28
f 288/1433/28 289/54/28 314/56/28 313/1408/28
f 64/38/28 240/1434/28 265/1410/28 114/1409/28
f 240/1434/28 241/1435/28 266/1411/28 265/1410/28
f 241/1435/28 242/1436/28 267/1412/28 266/1411/28
f 242/1436/28 243/1437/28 268/1413/28 267/1412/28
f 243/1437/28 244/1438/28 269/1414/28 268/1413/28
f 244/1438/28 245/1439/28 270/1415/28 269/1414/28
f 245/1439/28 246/1440/28 271/1416/28 270/1415/28
f 246/1440/28 247/1441/28 272/1417/28 271/1416/28
f 247/1441/28 248/1442/28 273/1418/28 272/1417/28
f 248/1442/28 249/1443/28 274/1419/28 273/1418/28
f 249/1443/28 250/1444/28 275/1420/28 274/1419/28
f 250/1444/28 251/1445/28 276/1421/28 275/1420/28
f 251/1445/28 252/1446/28 277/1422/28 276/1421/28
f 252/1446/28 253/1447/28 278/1423/28 277/1422/28
f 253/1447/28 254/1448/28 279/1424/28 278/1423/28
f 254/1448/28 255/1449/28 280/1425/28 279/1424/28
f 255/1449/28 256/1450/28 281/1426/28 280/1425/28
f 256/1450/28 257/1451/28 282/1427/28 281/1426/28
f 257/1451/28 258/1452/28 283/1428/28 282/1427/28
f 258/1452/28 259/1453/28 284/1429/28 283/1428/28
f 259/1453/28 260/1454/28 285/1430/28 284/1429/28
f 260/1454/28 261/1455/28 286/1431/28 285/1430/28
f 261/1455/28 262/1456/28 287/1432/28 286/1431/28
f 262/1456/28 263/1457/28 288/1433/28 287/1432/28
f 263/1457/28 264/41/28 289/54/28 288/1433/28
f 90/810/28 865/811/28 214/1459/28 60/1458/28
f 865/811/28 866/813/28 213/1460/28 214/1459/28
f 866/813/28 867/815/28 212/1461/28 213/1460/28
f 867/815/28 868/817/28 211/1462/28 212/1461/28
f 868/817/28 869/819/28 210/1463/28 211/1462/28
f 869/819/28 870/821/28 209/1464/28 210/1463/28
f 870/821/28 871/823/28 208/1465/28 209/1464/28
f 871/823/28 872/825/28 207/1466/28 208/1465/28
f 872/825/28 873/827/28 206/1467/28 207/1466/28
f 873/827/28 874/829/28 205/1468/28 206/1467/28
f 874/829/28 875/831/28 204/1469/28 205/1468/28
f 875/831/28 876/833/28 203/1470/28 204/1469/28
f 876/833/28 877/835/28 202/1471/28 203/1470/28
f 877/835/28 878/837/28 201/1472/28 202/1471/28
f 878/837/28 879/839/28 200/1473/28 201/1472/28
f 879/839/28 880/841/28 199/1474/28 200/1473/28
f 880/841/28 881/843/28 198/1475/28 199/1474/28
f 881/843/28 882/845/28 197/1476/28 198/1475/28
f 882/845/28 883/847/28 196/1477/28 197/1476/28
f 883/847/28 884/849/28 195/1478/28 196/1477/28
f 884/849/28 885/851/28 194/1479/28 195/1478/28
f 885/851/28 886/853/28 193/1480/28 194/1479/28
f 886/853/28 887/855/28 192/1481/28 193/1480/28
f 887/855/28 888/857/28 191/1482/28 192/1481/28
f 888/857/28 889/50/28 190/51/28 191/1482/28
f 65/36/27 1490/221/27 239/795/27 63/39/27
f 1490/221/27 1491/223/27 238/1483/27 239/795/27
f 1491/223/27 1492/225/27 237/503/27 238/1483/27
f 1492/225/27 1493/227/27 236/1484/27 237/503/27
f 1493/227/27 1494/229/27 235/1485/27 236/1484/27
f 1494/229/27 1495/231/27 234/1486/27 235/1485/27
f 1495/231/27 1496/233/27 233/1487/27 234/1486/27
f 1496/233/27 1497/235/27 232/1488/27 233/1487/27
f 1497/235/27 1498/237/27 231/1489/27 232/1488/27
f 1498/237/27 1499/239/27 230/1490/27 231/1489/27
f 1499/239/27 1500/241/27 229/1491/27 230/1490/27
f 1500/241/27 1501/243/27 228/1492/27 229/1491/27
f 1501/243/27 1502/245/27 227/352/27 228/1492/27
f 1502/245/27 1503/247/27 226/1493/27 227/352/27
f 1503/247/27 1504/249/27 225/508/27 226/1493/27
f 1504/249/27 1505/251/27 224/1494/27 225/508/27
f 1505/251/27 1506/253/27 223/1495/27 224/1494/27
f 1506/253/27 1507/255/27 222/1496/27 223/1495/27
f 1507/255/27 1508/257/27 221/1497/27 222/1496/27
f 1508/257/27 1509/259/27 220/1498/27 221/1497/27
f 1509/259/27 1510/261/27 219/1499/27 220/1498/27
f 1510/261/27 1511/263/27 218/1500/27 219/1499/27
f 1511/263/27 1512/265/27 217/1501/27 218/1500/27
f 1512/265/27 1513/267/27 216/1502/27 217/1501/27
f 1513/267/27 1514/48/27 215/40/27 216/1502/27
f 63/39/25 239/795/25 240/1434/25 64/38/25
f 239/795/25 238/1483/25 241/1435/25 240/1434/25
f 238/1483/25 237/503/25 242/1436/25 241/1435/25
f 237/503/25 236/1484/25 243/1437/25 242/1436/25
f 236/1484/25 235/1485/25 244/1438/25 243/1437/25
f 235/1485/25 234/1486/25 245/1439/25 244/1438/25
f 234/1486/25 233/1487/25 246/1440/25 245/1439/25
f 233/1487/25 232/1488/25 247/1441/25 246/1440/25
f 232/1488/25 231/1489/25 248/1442/25 247/1441/25
f 231/1489/25 230/1490/25 249/1443/25 248/1442/25
f 230/1490/25 229/1491/25 250/1444/25 249/1443/25
f 229/1491/25 228/1492/25 251/1445/25 250/1444/25
f 228/1492/25 227/352/25 252/1446/25 251/1445/25
f 227/352/25 226/1493/25 253/1447/25 252/1446/25
f 226/1493/25 225/508/25 254/1448/25 253/1447/25
f 225/508/25 224/1494/25 255/1449/25 254/1448/25
f 224/1494/25 223/1495/25 256/1450/25 255/1449/25
f 223/1495/25 222/1496/25 257/1451/25 256/1450/25
f 222/1496/25 221/1497/25 258/1452/25 257/1451/25
f 221/1497/25 220/1498/25 259/1453/25 258/1452/25
f 220/1498/25 219/1499/25 260/1454/25 259/1453/25
f 219/1499/25 218/1500/25 261/1455/25 260/1454/25
f 218/1500/25 217/1501/25 262/1456/25 261/1455/25
f 217/1501/25 216/1502/25 263/1457/25 262/1456/25
f 216/1502/25 215/40/25 264/41/25 263/1457/25
f 57/1503/23 189/1506/23 190/1505/23 58/1504/23
f 189/1506/23 188/1508/23 191/1507/23 190/1505/23
f 188/1508/23 187/1510/23 192/1509/23 191/1507/23
f 187/1510/23 186/1512/23 193/1511/23 192/1509/23
f 186/1512/23 185/1514/23 194/1513/23 193/1511/23
f 185/1514/23 184/1516/23 195/1515/23 194/1513/23
f 184/1516/23 183/1518/23 196/1517/23 195/1515/23
f 183/1518/23 182/1520/23 197/1519/23 196/1517/23
f 182/1520/23 181/1522/23 198/1521/23 197/1519/23
f 181/1522/23 180/1524/23 199/1523/23 198/1521/23
f 180/1524/23 179/1526/23 200/1525/23 199/1523/23
f 179/1526/23 178/1528/23 201/1527/23 200/1525/23
f 178/1528/23 177/1530/23 202/1529/23 201/1527/23
f 177/1530/23 176/1532/23 203/1531/23 202/1529/23
f 176/1532/23 175/1534/23 204/1533/23 203/1531/23
f 175/1534/23 174/1536/23 205/1535/23 204/1533/23
f 174/1536/23 173/1538/23 206/1537/23 205/1535/23
f 173/1538/23 172/1540/23 207/1539/23 206/1537/23
f 172/1540/23 171/1542/23 208/1541/23 207/1539/23
f 171/1542/23 170/1544/23 209/1543/23 208/1541/23
f 170/1544/23 169/1546/23 210/1545/23 209/1543/23
f 169/1546/23 168/1548/23 211/1547/23 210/1545/23
f 168/1548/23 167/1550/23 212/1549/23 211/1547/23
f 167/1550/23 166/1552/23 213/1551/23 212/1549/23
f 166/1552/23 165/32/23 214/33/23 213/1551/23
o ๅ
v 2.988104 -0.137132 1.743226
v 2.988104 2.419338 1.743226
v 2.988104 -0.137132 -1.207872
v 2.988104 2.419338 -1.207872
v 4.446328 -0.137132 1.743226
v 4.448709 2.419338 1.743152
v 4.446328 -0.137132 -1.207872
v 4.446328 2.419338 -1.207872
v 4.488538 2.246509 -1.008364
v 4.488538 0.035697 -1.008364
v 4.488538 0.035697 1.543718
v 4.488538 2.246509 1.543718
v 3.345394 0.116878 1.868866
v 4.041753 0.323227 1.923590
v 3.088948 2.260971 1.880214
v 3.235413 2.150360 1.973136
v 3.483800 0.220198 1.899222
v 3.345911 0.117522 1.869069
v 4.245260 2.150360 1.936497
v 4.305911 2.198825 1.900787
v 4.041753 0.323227 1.923590
v 3.993489 0.373697 1.931501
v 3.769154 2.233257 1.861280
v 3.769439 2.254022 1.877540
v 3.675525 2.233287 1.862899
v 3.675810 2.247032 1.879159
v 3.768148 2.303625 1.801813
v 3.768433 2.324390 1.818074
v 3.696540 2.300786 1.804034
v 3.674804 2.324420 1.819693
v 3.715399 2.299310 1.834272
v 3.725818 2.299362 1.834045
v 3.725397 2.283427 1.847522
v 3.715457 2.283366 1.847749
v 3.712527 2.291171 1.841214
v 3.712444 2.286585 1.845093
v 3.706169 2.285042 1.846507
v 3.702350 2.279058 1.851632
v 3.705300 2.273540 1.856245
v 3.711365 2.270283 1.858892
v 3.720723 2.270063 1.858913
v 3.728631 2.270401 1.858489
v 3.737181 2.275769 1.853801
v 3.736980 2.282522 1.848096
v 3.730219 2.285025 1.846099
v 3.731022 2.290648 1.841331
v 3.740994 2.287951 1.843436
v 3.742604 2.275661 1.853796
v 3.732869 2.267045 1.861252
v 3.721825 2.265706 1.862577
v 3.709859 2.266461 1.862149
v 3.700682 2.271495 1.858054
v 3.698131 2.279032 1.851728
v 3.701851 2.286527 1.845328
v 2.967807 -0.112195 -1.179085
v 2.967807 -0.112195 1.714439
v 2.967807 2.394401 1.714439
v 2.967807 2.394401 -1.179085
v 2.949430 -0.112195 -1.179085
v 2.949430 -0.112195 1.714439
v 2.949430 2.394401 1.714439
v 2.949430 2.394401 -1.179085
v 3.778489 2.247914 1.882543
v 3.667792 2.247949 1.884457
v 3.666603 2.331145 1.814151
v 3.777300 2.331110 1.812236
v 3.714597 2.309757 1.831387
v 3.726915 2.309819 1.831119
v 3.726418 2.290979 1.847053
v 3.714666 2.290906 1.847321
v 3.711202 2.300135 1.839595
v 3.711104 2.294712 1.844180
v 3.703685 2.292889 1.845852
v 3.699169 2.285814 1.851912
v 3.702657 2.279290 1.857366
v 3.709828 2.275439 1.860495
v 3.720892 2.275179 1.860520
v 3.730241 2.275578 1.860019
v 3.740350 2.281925 1.854476
v 3.740113 2.289909 1.847731
v 3.732120 2.292868 1.845370
v 3.733068 2.299517 1.839733
v 3.744859 2.296327 1.842222
v 3.746762 2.281798 1.854471
v 3.735252 2.271610 1.863285
v 3.722195 2.270027 1.864853
v 3.708047 2.270920 1.864346
v 3.697197 2.276872 1.859505
v 3.694182 2.285783 1.852026
v 3.698579 2.294644 1.844458
vn -0.7756 0.6313 -0.0000
vn -0.0000 -0.0000 -1.0000
vn 0.9730 0.2309 -0.0004
vn -0.0000 -1.0000 -0.0000
vn -0.0000 1.0000 -0.0000
vn 1.0000 -0.0000 -0.0000
vn 0.9783 -0.0000 -0.2070
vn 0.9795 -0.0005 0.2014
vn 0.9714 -0.2373 -0.0000
vn 0.0143 -0.3929 0.9195
vn -0.3979 -0.0685 0.9149
vn -0.4924 -0.0290 0.8699
vn 0.3706 -0.0478 0.9276
vn 0.0121 0.6193 0.7851
vn 0.5167 -0.0267 0.8557
vn 0.0050 -0.0213 0.9998
vn 0.0025 -0.2429 0.9701
vn 0.0381 -0.6857 0.7269
vn -0.9033 -0.1896 -0.3849
vn -0.0288 0.5743 -0.8182
vn 0.9999 -0.0003 -0.0172
vn -0.0066 -0.6507 -0.7593
vn 0.5715 0.5376 -0.6199
vn -0.6084 -0.2553 -0.7514
vn 0.0134 0.6455 0.7636
vn 0.0608 0.4610 -0.8853
vn -0.7756 -0.6313 -0.0000
vn -0.8173 -0.0000 -0.5763
vn -0.8173 -0.0000 0.5763
vn -1.0000 -0.0000 -0.0000
vn -0.0000 -0.0000 1.0000
vn 0.0134 0.6456 0.7635
vn 0.0134 0.6453 0.7638
vn -0.9018 -0.4272 0.0656
vn -0.0134 -0.6456 -0.7635
vn 0.8434 0.4830 0.2354
vn -0.5367 -0.3923 0.7470
vn 0.6049 0.3218 0.7283
vn -0.0092 -0.2995 0.9541
vn 0.2707 0.2097 0.9395
vn 0.0639 -0.3011 0.9515
vn -0.0136 -0.6455 -0.7636
vn 0.6195 -0.3934 0.6793
vn 0.0197 0.2675 0.9634
vn 0.8085 -0.3656 -0.4612
vn -0.9806 0.1410 0.1362
vn 0.2304 -0.1452 -0.9622
vn -0.0224 -0.0590 -0.9980
vn 0.9613 -0.2447 -0.1268
vn 0.9858 0.1106 0.1266
vn 0.0225 -0.8919 -0.4517
vn -0.1478 0.2083 0.9668
vn -0.6965 0.4070 0.5910
vn -0.7568 0.5514 -0.3509
vn -0.9537 -0.1840 -0.2381
vn -0.2746 -0.6067 -0.7460
vn -0.1612 0.4706 -0.8675
vn -0.1849 -0.1397 -0.9728
vt 0.875000 0.750000
vt 0.875000 0.500000
vt 0.375000 0.250000
vt 0.625000 0.250000
vt 0.625000 0.500000
vt 0.375000 0.500000
vt 0.625000 0.750000
vt 0.125000 0.500000
vt 0.375000 0.750000
vt 0.125000 0.750000
vt 0.625000 0.000000
vt 0.375032 0.000000
vt 0.379029 0.000000
vt 0.621388 0.000000
vt 0.375000 0.000000
vt 0.627225 0.754450
vt 0.373962 0.758444
vt 0.857963 0.750000
vt 0.625000 0.982963
vt 0.378931 0.970210
vt 0.155172 0.750000
vt 0.625000 1.000000
vt 0.375000 1.000000
vt 0.805934 0.589852
vt 0.788059 0.565540
vt 0.739924 0.580708
vt 0.761188 0.570282
vt 0.745869 0.607249
vt 0.745639 0.633792
vt 0.689026 0.635523
vt 0.689223 0.607702
vt 0.808605 0.621773
vt 0.803836 0.651314
vt 0.773210 0.677637
vt 0.729551 0.673808
vt 0.719978 0.647282
vt 0.739958 0.644925
vt 0.748843 0.662883
vt 0.772835 0.663160
vt 0.791916 0.640125
vt 0.793124 0.618997
vt 0.792355 0.594019
vt 0.780789 0.577949
vt 0.734438 0.597522
vt 0.718143 0.597920
vt 0.734655 0.569235
vt 0.761286 0.559017
s 0
usemtl Material.001
f 1516/1553/29 1518/1554/29 1572/1554/29 1571/1553/29
f 1517/1555/30 1518/1556/30 1522/1557/30 1521/1558/30
f 1522/1557/31 1520/1559/31 1526/1559/31 1523/1557/31
f 1517/1560/32 1521/1558/32 1519/1561/32 1515/1562/32
f 1522/1557/33 1518/1554/33 1516/1553/33 1520/1559/33
f 1524/1558/34 1523/1557/34 1526/1559/34 1525/1561/34
f 1521/1558/35 1522/1557/35 1523/1557/35 1524/1558/35
f 1520/1559/36 1519/1561/36 1525/1561/36 1526/1559/36
f 1519/1561/37 1521/1558/37 1524/1558/37 1525/1561/37
f 1515/1562/38 1519/1561/38 1528/1561/38 1527/1562/38
f 1516/1563/40 1515/1567/40 1527/1567/40 1532/1564/40 1529/1563/40
f 1520/1559/42 1516/1553/42 1529/1553/42 1530/1570/42 1533/1568/42 1534/1559/42
f 1519/1561/43 1520/1559/43 1534/1559/43 1535/1561/43 1528/1561/43
f 1536/1569/44 1533/1568/44 1530/1571/44 1531/1572/44
f 1537/1567/46 1538/1563/46 1540/1556/46 1539/1555/46
f 1539/1555/47 1540/1556/47 1544/1557/47 1543/1558/47
f 1543/1558/48 1544/1557/48 1542/1559/48 1541/1561/48
f 1541/1561/49 1542/1559/49 1538/1574/49 1537/1575/49
f 1539/1560/50 1543/1558/50 1541/1561/50 1537/1562/50
f 1569/1560/32 1570/1562/32 1574/1562/32 1573/1560/32
f 1517/1560/55 1515/1562/55 1570/1562/55 1569/1560/55
f 1518/1556/56 1517/1555/56 1569/1555/56 1572/1556/56
f 1515/1567/57 1516/1563/57 1571/1563/57 1570/1567/57
f 1572/1556/30 1569/1555/30 1573/1555/30 1576/1556/30
f 1570/1567/59 1571/1563/59 1575/1563/59 1574/1567/59
f 1571/1553/33 1572/1554/33 1576/1554/33 1575/1553/33
f 1579/1557/53 1581/1583/53 1582/1582/53 1580/1559/53
f 1580/1559/60 1582/1582/60 1583/1581/60 1584/1580/60 1581/1583/60 1579/1557/60 1578/1554/60 1603/1599/60 1604/1598/60 1585/1597/60 1586/1596/60 1587/1578/60 1588/1579/60 1589/1595/60 1590/1594/60 1591/1593/60 1592/1592/60 1593/1591/60 1594/1590/60 1595/1589/60 1596/1588/60 1597/1587/60 1598/1586/60 1577/1553/60
f 1577/1553/61 1598/1586/61 1599/1585/61 1600/1584/61 1601/1576/61 1602/1577/61 1603/1599/61 1578/1554/61
f 1542/1559/63 1544/1557/63 1579/1557/63 1580/1559/63
f 1538/1574/70 1542/1559/70 1580/1559/70 1577/1574/70
f 1540/1556/79 1538/1563/79 1577/1563/79 1578/1556/79
f 1544/1557/84 1540/1556/84 1578/1556/84 1579/1557/84
usemtl Material.002
f 1565/1576/51 1566/1577/51 1602/1577/51 1601/1576/51
f 1551/1578/52 1552/1579/52 1588/1579/52 1587/1578/52
f 1548/1580/53 1547/1581/53 1546/1582/53 1545/1583/53
f 1564/1584/54 1565/1576/54 1601/1576/54 1600/1584/54
f 1566/1577/53 1565/1576/53 1564/1584/53 1563/1585/53 1562/1586/53 1561/1587/53 1560/1588/53 1559/1589/53 1558/1590/53 1557/1591/53 1556/1592/53 1555/1593/53 1554/1594/53 1553/1595/53 1552/1579/53 1551/1578/53 1550/1596/53 1549/1597/53 1568/1598/53 1567/1599/53
f 1552/1579/62 1553/1595/62 1589/1595/62 1588/1579/62
f 1566/1577/64 1567/1599/64 1603/1599/64 1602/1577/64
f 1553/1595/65 1554/1594/65 1590/1594/65 1589/1595/65
f 1567/1599/66 1568/1598/66 1604/1598/66 1603/1599/66
f 1554/1594/67 1555/1593/67 1591/1593/67 1590/1594/67
f 1568/1598/68 1549/1597/68 1585/1597/68 1604/1598/68
f 1555/1593/69 1556/1592/69 1592/1592/69 1591/1593/69
f 1556/1592/71 1557/1591/71 1593/1591/71 1592/1592/71
f 1545/1583/72 1546/1582/72 1582/1582/72 1581/1583/72
f 1557/1591/73 1558/1590/73 1594/1590/73 1593/1591/73
f 1546/1582/74 1547/1581/74 1583/1581/74 1582/1582/74
f 1558/1590/75 1559/1589/75 1595/1589/75 1594/1590/75
f 1547/1581/76 1548/1580/76 1584/1580/76 1583/1581/76
f 1559/1589/77 1560/1588/77 1596/1588/77 1595/1589/77
f 1548/1580/78 1545/1583/78 1581/1583/78 1584/1580/78
f 1560/1588/80 1561/1587/80 1597/1587/80 1596/1588/80
f 1561/1587/81 1562/1586/81 1598/1586/81 1597/1587/81
f 1562/1586/82 1563/1585/82 1599/1585/82 1598/1586/82
f 1549/1597/83 1550/1596/83 1586/1596/83 1585/1597/83
f 1563/1585/85 1564/1584/85 1600/1584/85 1599/1585/85
f 1550/1596/86 1551/1578/86 1587/1578/86 1586/1596/86
usemtl Material.010
f 1529/1563/39 1532/1564/39 1531/1565/39 1530/1566/39
f 1535/1561/41 1534/1559/41 1533/1568/41 1536/1569/41
f 1527/1562/45 1528/1561/45 1535/1561/45 1536/1569/45 1531/1573/45 1532/1562/45
usemtl Material.011
f 1574/1567/58 1575/1563/58 1576/1556/58 1573/1555/58
o Cube.003
v 1.888045 0.026507 0.926839
v 1.907485 -0.059310 0.988446
v 1.884743 -0.016918 0.596794
v 1.878903 -0.065949 0.643977
v 2.092206 0.026507 0.926839
v 2.072854 -0.059310 0.988446
v 2.087967 -0.016918 0.596794
v 2.101348 -0.065949 0.643977
v 1.872599 0.055514 0.781122
v 1.869612 -0.062001 0.761556
v 2.107652 0.055514 0.781122
v 2.110639 -0.062001 0.761556
v 1.987250 -0.016918 0.596794
v 1.990883 -0.066627 0.629936
v 1.990752 0.031256 0.926839
v 1.990799 -0.059310 0.988446
v 1.991412 -0.062001 0.761555
v 1.991020 0.052389 0.717979
v 1.888045 0.026507 0.960359
v 2.092206 0.026507 0.960359
v 1.990752 0.026507 0.960359
v 1.871935 -0.062988 0.732161
v 1.874258 -0.063975 0.702766
v 1.876580 -0.064962 0.673372
v 2.103558 0.039176 0.735040
v 2.099464 0.022838 0.688958
v 2.095371 0.006500 0.642876
v 1.879224 0.006500 0.642876
v 1.877016 0.022838 0.688958
v 1.874807 0.039176 0.735040
v 2.103671 -0.064962 0.673372
v 2.105994 -0.063975 0.702766
v 2.108316 -0.062988 0.732161
v 1.988192 0.005719 0.627090
v 1.989135 0.021276 0.657387
v 1.990078 0.036833 0.687683
v 1.991016 -0.065471 0.662841
v 1.991148 -0.064314 0.695746
v 1.991280 -0.063158 0.728651
v 1.988192 0.005719 0.627090
v 1.989135 0.021276 0.657387
v 1.981076 0.028494 0.674056
v 1.980974 0.034695 0.670586
v 1.979699 0.003703 0.627474
v 1.979596 0.009905 0.624004
v 1.999809 0.028494 0.673502
v 1.999707 0.034695 0.670033
v 1.998432 0.003703 0.626920
v 1.998329 0.009905 0.623450
v 1.980388 0.016098 0.650765
v 1.980285 0.026431 0.647295
v 1.999120 0.016098 0.650211
v 1.999018 0.026431 0.646741
v 1.989066 0.003703 0.627197
v 1.988963 0.009905 0.623727
v 1.990443 0.028494 0.673779
v 1.990340 0.034695 0.670309
v 1.989651 0.026431 0.647018
v 1.989754 0.016098 0.650488
v 1.874258 -0.063975 0.702766
v 2.099464 0.022838 0.688958
v 1.877016 0.022838 0.688958
v 2.105994 -0.063975 0.702766
v 1.991148 -0.064314 0.695746
vn -0.9945 0.0028 -0.1042
vn 0.0538 -0.6245 -0.7791
vn 0.9892 -0.0511 0.1377
vn -0.0146 0.5715 0.8205
vn -0.0327 0.9898 0.1385
vn -0.0000 -0.9999 0.0119
vn -0.0002 -0.9994 0.0344
vn 0.1654 0.9061 -0.3893
vn 0.9945 0.0448 -0.0948
vn -0.9891 -0.0515 0.1379
vn -0.1596 0.9100 -0.3826
vn 0.0002 -0.9994 0.0344
vn 0.0323 0.9898 0.1386
vn 0.0148 0.5715 0.8205
vn -0.0527 -0.6295 -0.7752
vn 0.0015 -0.9994 0.0343
vn -0.0000 -1.0000 -0.0000
vn 0.0006 -0.9994 0.0344
vn -0.0355 0.8549 -0.5176
vn -0.0728 0.9199 -0.3853
vn -0.1177 0.9157 -0.3843
vn 0.9851 0.0790 -0.1525
vn 0.9938 0.0538 -0.0968
vn 0.0362 0.8541 -0.5189
vn 0.0747 0.9184 -0.3885
vn 0.1214 0.9131 -0.3893
vn -0.0015 -0.9994 0.0343
vn -0.0006 -0.9994 0.0344
vn -0.9972 0.0335 -0.0676
vn -0.9975 0.0259 -0.0658
vn -0.9978 0.0162 -0.0636
vn 0.9996 -0.0000 -0.0295
vn 0.0258 0.4884 0.8722
vn -0.9996 -0.0000 0.0295
vn -0.0258 -0.4884 -0.8722
vn -0.0139 0.8829 -0.4694
vn 0.0099 -0.9425 0.3341
vn 0.0171 -0.8157 0.5783
vn -0.0011 -0.9994 0.0343
vn 0.9929 0.0652 -0.0994
vn 0.0011 -0.9994 0.0343
vt 0.375000 0.218750
vt 0.625000 0.218750
vt 0.625000 0.250000
vt 0.375000 0.250000
vt 0.375000 0.375952
vt 0.625000 0.375952
vt 0.625000 0.500000
vt 0.375000 0.500000
vt 0.375000 0.625000
vt 0.625000 0.625000
vt 0.625000 0.750000
vt 0.375000 0.750000
vt 0.375000 0.874048
vt 0.625000 0.874048
vt 0.625000 1.000000
vt 0.375000 1.000000
vt 0.250952 0.625000
vt 0.250952 0.750000
vt 0.749048 0.625000
vt 0.875000 0.625000
vt 0.875000 0.750000
vt 0.749048 0.750000
vt 0.749048 0.593750
vt 0.875000 0.593750
vt 0.250952 0.593750
vt 0.375000 0.593750
vt 0.625000 0.593750
vt 0.375000 0.000000
vt 0.625000 0.000000
vt 0.625000 0.125000
vt 0.375000 0.125000
vt 0.125000 0.593750
vt 0.125000 0.625000
vt 0.125000 0.750000
vt 0.749048 0.500000
vt 0.749048 0.531250
vt 0.625000 0.531250
vt 0.625000 0.562500
vt 0.749048 0.562500
vt 0.125000 0.500000
vt 0.250952 0.500000
vt 0.250952 0.531250
vt 0.125000 0.531250
vt 0.250952 0.562500
vt 0.125000 0.562500
vt 0.375000 0.531250
vt 0.375000 0.562500
vt 0.875000 0.500000
vt 0.875000 0.531250
vt 0.875000 0.562500
vt 0.625000 0.156250
vt 0.375000 0.156250
vt 0.625000 0.187500
vt 0.375000 0.187500
vt 0.375000 0.187500
vt 0.375000 0.375000
vt 0.625000 0.375000
vt 0.625000 0.625000
vt 0.375000 0.875000
vt 0.625000 0.875000
vt 0.250000 0.625000
vt 0.250000 0.750000
vt 0.750000 0.625000
vt 0.875000 0.625000
vt 0.750000 0.750000
vt 0.750000 0.500000
vt 0.250000 0.500000
vt 0.125000 0.625000
s 0
usemtl Material.007
f 1617/1604/88 1611/1607/88 1612/1606/88 1618/1605/88
f 1621/1618/92 1620/1621/92 1606/1620/92 1614/1619/92
f 1643/1622/93 1621/1618/93 1614/1619/93 1626/1623/93
f 1637/1626/98 1616/1609/98 1621/1618/98 1643/1622/98
f 1616/1609/92 1610/1610/92 1620/1621/92 1621/1618/92
f 1607/1603/101 1617/1604/101 1618/1605/101 1608/1602/101
f 1612/1606/102 1635/1636/102 1641/1635/102 1618/1634/102
f 1667/1637/103 1636/1637/103 1642/1638/103 1668/1638/103
f 1636/1637/104 1637/1626/104 1643/1622/104 1642/1638/104
f 1618/1634/113 1641/1635/113 1628/1648/113 1608/1647/113
f 1668/1638/103 1642/1638/103 1627/1649/103 1664/1649/103
f 1642/1638/114 1643/1622/114 1626/1623/114 1627/1649/114
f 1639/1643/103 1645/1643/103 1644/1641/103 1638/1641/103
f 1663/1660/122 1660/1661/122 1650/1611/122 1656/1608/122
f 1654/1667/122 1646/1633/122 1660/1661/122 1663/1660/122
f 1633/1653/103 1666/1654/103 1664/1652/103 1627/1652/103
f 1641/1635/125 1668/1638/125 1664/1649/125 1628/1648/125
f 1635/1636/127 1667/1637/127 1668/1638/127 1641/1635/127
usemtl Material.008
f 1654/1630/118 1648/1603/118 1649/1602/118 1655/1629/118
f 1658/1655/119 1652/1607/119 1653/1606/119 1659/1656/119
f 1656/1608/120 1650/1611/120 1651/1610/120 1657/1657/120
f 1660/1658/121 1646/1615/121 1647/1614/121 1661/1659/121
f 1662/1662/123 1661/1664/123 1647/1620/123 1655/1663/123
f 1659/1665/124 1662/1662/124 1655/1663/124 1649/1647/124
f 1658/1666/122 1663/1660/122 1656/1608/122 1652/1607/122
f 1646/1627/118 1654/1630/118 1655/1629/118 1647/1628/118
f 1648/1639/122 1654/1667/122 1663/1660/122 1658/1666/122
f 1653/1606/124 1657/1657/124 1662/1662/124 1659/1665/124
f 1657/1657/123 1651/1610/123 1661/1664/123 1662/1662/123
f 1650/1611/121 1660/1658/121 1661/1659/121 1651/1610/121
f 1648/1603/119 1658/1655/119 1659/1656/119 1649/1602/119
usemtl Material.009
f 1632/1600/87 1607/1603/87 1608/1602/87 1628/1601/87
f 1615/1608/89 1609/1611/89 1610/1610/89 1616/1609/89
f 1619/1612/90 1605/1615/90 1606/1614/90 1620/1613/90
f 1622/1616/91 1619/1617/91 1609/1611/91 1615/1608/91
f 1640/1624/94 1622/1616/94 1615/1608/94 1629/1625/94
f 1629/1625/95 1615/1608/95 1616/1609/95 1637/1626/95
f 1605/1627/96 1613/1630/96 1614/1629/96 1606/1628/96
f 1634/1631/97 1613/1632/97 1622/1616/97 1640/1624/97
f 1613/1632/99 1605/1633/99 1619/1617/99 1622/1616/99
f 1609/1611/100 1619/1612/100 1620/1613/100 1610/1610/100
f 1607/1639/105 1632/1642/105 1638/1641/105 1617/1640/105
f 1632/1642/106 1666/1644/106 1633/1644/106 1639/1643/106 1638/1641/106
f 1633/1644/107 1634/1631/107 1640/1624/107 1639/1643/107
f 1611/1607/108 1631/1645/108 1635/1636/108 1612/1606/108
f 1665/1646/103 1630/1646/103 1636/1637/103 1667/1637/103
f 1630/1646/109 1629/1625/109 1637/1626/109 1636/1637/109
f 1617/1640/110 1638/1641/110 1631/1645/110 1611/1607/110
f 1638/1641/111 1639/1643/111 1630/1646/111 1665/1646/111 1631/1645/111
f 1639/1643/112 1640/1624/112 1629/1625/112 1630/1646/112
f 1613/1630/115 1634/1651/115 1626/1650/115 1614/1629/115
f 1634/1651/116 1633/1653/116 1627/1652/116 1626/1650/116
f 1666/1654/117 1632/1600/117 1628/1601/117 1664/1652/117
f 1652/1607/120 1656/1608/120 1657/1657/120 1653/1606/120
f 1631/1645/126 1665/1646/126 1667/1637/126 1635/1636/126
l 1625 1624
l 1623 1625
